datetime,open,high,low,close,volume,hold
2026-04-01 11:11:00,6656.0,6664.0,6644.0,6644.0,3712,875464
2026-04-01 11:12:00,6648.0,6656.0,6640.0,6654.0,3481,875678
2026-04-01 11:13:00,6652.0,6662.0,6650.0,6662.0,3532,875873
2026-04-01 11:14:00,6662.0,6662.0,6646.0,6650.0,2354,875940
2026-04-01 11:15:00,6650.0,6658.0,6648.0,6650.0,2312,875645
2026-04-01 11:16:00,6650.0,6662.0,6648.0,6660.0,1759,875368
2026-04-01 11:17:00,6658.0,6672.0,6654.0,6660.0,3650,875619
2026-04-01 11:18:00,6664.0,6686.0,6662.0,6684.0,3998,875727
2026-04-01 11:19:00,6688.0,6704.0,6688.0,6700.0,9087,876090
2026-04-01 11:20:00,6700.0,6708.0,6698.0,6708.0,3480,875925
2026-04-01 11:21:00,6710.0,6768.0,6710.0,6768.0,20635,877141
2026-04-01 11:22:00,6772.0,6778.0,6758.0,6770.0,13213,877049
2026-04-01 11:23:00,6770.0,6782.0,6766.0,6774.0,10251,877797
2026-04-01 11:24:00,6776.0,6776.0,6754.0,6758.0,8475,878752
2026-04-01 11:25:00,6758.0,6758.0,6748.0,6748.0,5338,878903
2026-04-01 11:26:00,6750.0,6778.0,6740.0,6778.0,7273,879103
2026-04-01 11:27:00,6778.0,6790.0,6768.0,6782.0,7396,880588
2026-04-01 11:28:00,6780.0,6784.0,6758.0,6758.0,7563,878671
2026-04-01 11:29:00,6760.0,6764.0,6748.0,6748.0,7012,878499
2026-04-01 11:30:00,6748.0,6774.0,6744.0,6774.0,4394,877969
2026-04-01 13:31:00,6736.0,6746.0,6698.0,6704.0,19273,878548
2026-04-01 13:32:00,6706.0,6706.0,6688.0,6688.0,8783,878016
2026-04-01 13:33:00,6686.0,6692.0,6678.0,6680.0,9590,877688
2026-04-01 13:34:00,6680.0,6686.0,6670.0,6674.0,6062,876455
2026-04-01 13:35:00,6674.0,6682.0,6670.0,6674.0,4823,876311
2026-04-01 13:36:00,6674.0,6688.0,6672.0,6688.0,6326,874997
2026-04-01 13:37:00,6686.0,6712.0,6684.0,6712.0,6111,874060
2026-04-01 13:38:00,6712.0,6716.0,6700.0,6708.0,3426,874283
2026-04-01 13:39:00,6710.0,6710.0,6680.0,6682.0,3742,874023
2026-04-01 13:40:00,6680.0,6688.0,6670.0,6670.0,3929,873386
2026-04-01 13:41:00,6672.0,6676.0,6660.0,6668.0,5205,873817
2026-04-01 13:42:00,6666.0,6670.0,6642.0,6642.0,5420,873618
2026-04-01 13:43:00,6642.0,6642.0,6596.0,6604.0,20708,872444
2026-04-01 13:44:00,6606.0,6606.0,6590.0,6596.0,11340,871885
2026-04-01 13:45:00,6594.0,6594.0,6568.0,6572.0,12912,868500
2026-04-01 13:46:00,6568.0,6570.0,6542.0,6568.0,16740,868248
2026-04-01 13:47:00,6572.0,6576.0,6562.0,6574.0,8904,868998
2026-04-01 13:48:00,6574.0,6586.0,6566.0,6572.0,9469,869416
2026-04-01 13:49:00,6574.0,6574.0,6558.0,6562.0,5840,870107
2026-04-01 13:50:00,6562.0,6562.0,6536.0,6544.0,8654,870145
2026-04-01 13:51:00,6542.0,6548.0,6528.0,6544.0,9119,870366
2026-04-01 13:52:00,6542.0,6546.0,6514.0,6536.0,10184,872280
2026-04-01 13:53:00,6534.0,6538.0,6510.0,6510.0,7853,871782
2026-04-01 13:54:00,6518.0,6548.0,6510.0,6528.0,9870,871136
2026-04-01 13:55:00,6528.0,6528.0,6512.0,6512.0,6139,870446
2026-04-01 13:56:00,6512.0,6534.0,6510.0,6532.0,5956,870193
2026-04-01 13:57:00,6530.0,6530.0,6502.0,6510.0,7385,869829
2026-04-01 13:58:00,6512.0,6530.0,6510.0,6522.0,4475,869799
2026-04-01 13:59:00,6522.0,6530.0,6510.0,6524.0,5146,868930
2026-04-01 14:00:00,6526.0,6536.0,6520.0,6528.0,5114,868188
2026-04-01 14:01:00,6530.0,6546.0,6524.0,6536.0,6322,868005
2026-04-01 14:02:00,6530.0,6540.0,6520.0,6522.0,4229,867847
2026-04-01 14:03:00,6538.0,6540.0,6518.0,6522.0,3102,867297
2026-04-01 14:04:00,6520.0,6540.0,6514.0,6536.0,4301,867750
2026-04-01 14:05:00,6536.0,6540.0,6528.0,6532.0,3387,867674
2026-04-01 14:06:00,6512.0,6530.0,6508.0,6516.0,6726,867273
2026-04-01 14:07:00,6518.0,6534.0,6514.0,6520.0,3385,867243
2026-04-01 14:08:00,6522.0,6528.0,6504.0,6512.0,7052,868768
2026-04-01 14:09:00,6508.0,6514.0,6488.0,6490.0,10319,866998
2026-04-01 14:10:00,6488.0,6530.0,6488.0,6530.0,6599,866957
2026-04-01 14:11:00,6528.0,6534.0,6522.0,6522.0,6210,866264
2026-04-01 14:12:00,6522.0,6522.0,6502.0,6502.0,4533,866628
2026-04-01 14:13:00,6498.0,6510.0,6484.0,6504.0,6633,866864
2026-04-01 14:14:00,6496.0,6506.0,6488.0,6494.0,4364,867467
2026-04-01 14:15:00,6498.0,6502.0,6488.0,6500.0,2474,867557
2026-04-01 14:16:00,6500.0,6510.0,6496.0,6504.0,4091,867857
2026-04-01 14:17:00,6504.0,6512.0,6504.0,6510.0,3476,868298
2026-04-01 14:18:00,6512.0,6526.0,6510.0,6516.0,4070,867712
2026-04-01 14:19:00,6516.0,6520.0,6512.0,6512.0,2649,868177
2026-04-01 14:20:00,6512.0,6512.0,6486.0,6488.0,4315,868884
2026-04-01 14:21:00,6488.0,6492.0,6480.0,6486.0,5150,868483
2026-04-01 14:22:00,6486.0,6498.0,6484.0,6490.0,3352,868175
2026-04-01 14:23:00,6480.0,6490.0,6480.0,6482.0,2260,868123
2026-04-01 14:24:00,6492.0,6492.0,6474.0,6476.0,4680,868206
2026-04-01 14:25:00,6478.0,6498.0,6476.0,6498.0,3487,867357
2026-04-01 14:26:00,6498.0,6498.0,6480.0,6480.0,2597,866749
2026-04-01 14:27:00,6472.0,6472.0,6456.0,6460.0,7972,866484
2026-04-01 14:28:00,6460.0,6474.0,6460.0,6466.0,4361,866524
2026-04-01 14:29:00,6468.0,6468.0,6456.0,6458.0,4530,866197
2026-04-01 14:30:00,6464.0,6470.0,6448.0,6452.0,7290,864360
2026-04-01 14:31:00,6432.0,6452.0,6422.0,6438.0,12329,863288
2026-04-01 14:32:00,6438.0,6440.0,6420.0,6422.0,8023,863317
2026-04-01 14:33:00,6426.0,6426.0,6388.0,6410.0,22835,859098
2026-04-01 14:34:00,6408.0,6414.0,6396.0,6412.0,8387,860120
2026-04-01 14:35:00,6410.0,6410.0,6396.0,6400.0,4883,859146
2026-04-01 14:36:00,6398.0,6414.0,6394.0,6406.0,9309,855982
2026-04-01 14:37:00,6404.0,6412.0,6382.0,6388.0,5575,854987
2026-04-01 14:38:00,6388.0,6436.0,6388.0,6416.0,9895,853709
2026-04-01 14:39:00,6414.0,6428.0,6404.0,6418.0,4970,853092
2026-04-01 14:40:00,6414.0,6424.0,6412.0,6416.0,4719,852975
2026-04-01 14:41:00,6416.0,6426.0,6414.0,6418.0,3343,852669
2026-04-01 14:42:00,6422.0,6422.0,6404.0,6408.0,4262,853359
2026-04-01 14:43:00,6408.0,6412.0,6400.0,6408.0,4254,853540
2026-04-01 14:44:00,6406.0,6418.0,6402.0,6406.0,4356,853484
2026-04-01 14:45:00,6394.0,6408.0,6390.0,6400.0,8266,852701
2026-04-01 14:46:00,6396.0,6414.0,6396.0,6406.0,5196,852841
2026-04-01 14:47:00,6408.0,6410.0,6400.0,6404.0,1574,852648
2026-04-01 14:48:00,6404.0,6406.0,6380.0,6384.0,8247,852570
2026-04-01 14:49:00,6384.0,6386.0,6376.0,6376.0,4144,852874
2026-04-01 14:50:00,6376.0,6388.0,6376.0,6388.0,4228,852244
2026-04-01 14:51:00,6390.0,6412.0,6390.0,6406.0,5472,851395
2026-04-01 14:52:00,6406.0,6422.0,6402.0,6420.0,5522,850170
2026-04-01 14:53:00,6420.0,6420.0,6400.0,6404.0,3591,849584
2026-04-01 14:54:00,6410.0,6410.0,6384.0,6384.0,4088,849665
2026-04-01 14:55:00,6386.0,6392.0,6384.0,6384.0,3689,848905
2026-04-01 14:56:00,6390.0,6390.0,6382.0,6382.0,4012,847925
2026-04-01 14:57:00,6378.0,6382.0,6374.0,6382.0,7574,846313
2026-04-01 14:58:00,6378.0,6380.0,6376.0,6380.0,3057,844296
2026-04-01 14:59:00,6380.0,6380.0,6368.0,6368.0,7113,842387
2026-04-01 15:00:00,6370.0,6370.0,6362.0,6364.0,4281,841221
2026-04-01 21:01:00,6482.0,6496.0,6460.0,6468.0,31756,841390
2026-04-01 21:02:00,6472.0,6502.0,6466.0,6502.0,16112,844099
2026-04-01 21:03:00,6506.0,6518.0,6494.0,6508.0,16625,844529
2026-04-01 21:04:00,6510.0,6520.0,6508.0,6518.0,10729,847071
2026-04-01 21:05:00,6520.0,6538.0,6518.0,6532.0,10975,847229
2026-04-01 21:06:00,6530.0,6532.0,6504.0,6508.0,9453,846529
2026-04-01 21:07:00,6508.0,6518.0,6498.0,6500.0,6964,846182
2026-04-01 21:08:00,6502.0,6504.0,6478.0,6480.0,7138,845316
2026-04-01 21:09:00,6480.0,6492.0,6480.0,6490.0,4804,845355
2026-04-01 21:10:00,6488.0,6494.0,6480.0,6486.0,4585,844646
2026-04-01 21:11:00,6486.0,6494.0,6478.0,6494.0,3898,844197
2026-04-01 21:12:00,6492.0,6492.0,6474.0,6476.0,5510,844698
2026-04-01 21:13:00,6474.0,6490.0,6474.0,6488.0,5029,845459
2026-04-01 21:14:00,6490.0,6492.0,6472.0,6474.0,4376,845550
2026-04-01 21:15:00,6478.0,6500.0,6476.0,6500.0,6464,844927
2026-04-01 21:16:00,6500.0,6508.0,6494.0,6500.0,6317,845291
2026-04-01 21:17:00,6502.0,6502.0,6478.0,6478.0,5272,845712
2026-04-01 21:18:00,6480.0,6490.0,6480.0,6490.0,3168,845668
2026-04-01 21:19:00,6492.0,6496.0,6488.0,6490.0,3296,845813
2026-04-01 21:20:00,6490.0,6492.0,6486.0,6492.0,1681,845839
2026-04-01 21:21:00,6492.0,6510.0,6490.0,6506.0,7453,845424
2026-04-01 21:22:00,6506.0,6518.0,6502.0,6510.0,3454,845268
2026-04-01 21:23:00,6510.0,6514.0,6504.0,6506.0,5284,846452
2026-04-01 21:24:00,6508.0,6508.0,6476.0,6482.0,4728,845887
2026-04-01 21:25:00,6484.0,6492.0,6484.0,6492.0,5787,845512
2026-04-01 21:26:00,6488.0,6500.0,6488.0,6498.0,3262,845552
2026-04-01 21:27:00,6496.0,6506.0,6494.0,6504.0,5475,845865
2026-04-01 21:28:00,6498.0,6500.0,6488.0,6492.0,6698,845920
2026-04-01 21:29:00,6496.0,6504.0,6492.0,6498.0,2247,846048
2026-04-01 21:30:00,6496.0,6502.0,6496.0,6496.0,1883,846100
2026-04-01 21:31:00,6496.0,6508.0,6494.0,6504.0,3076,845689
2026-04-01 21:32:00,6500.0,6508.0,6496.0,6506.0,5079,846402
2026-04-01 21:33:00,6506.0,6510.0,6502.0,6502.0,4082,845533
2026-04-01 21:34:00,6502.0,6506.0,6498.0,6500.0,3865,845989
2026-04-01 21:35:00,6500.0,6504.0,6490.0,6492.0,6526,847545
2026-04-01 21:36:00,6492.0,6502.0,6490.0,6494.0,3407,847588
2026-04-01 21:37:00,6494.0,6496.0,6482.0,6484.0,5217,848066
2026-04-01 21:38:00,6484.0,6486.0,6474.0,6474.0,4202,847751
2026-04-01 21:39:00,6468.0,6476.0,6466.0,6468.0,5354,846919
2026-04-01 21:40:00,6470.0,6474.0,6464.0,6468.0,6171,846408
2026-04-01 21:41:00,6466.0,6470.0,6462.0,6462.0,4185,845950
2026-04-01 21:42:00,6464.0,6482.0,6462.0,6476.0,4515,845975
2026-04-01 21:43:00,6478.0,6496.0,6474.0,6496.0,5419,845259
2026-04-01 21:44:00,6496.0,6504.0,6494.0,6494.0,4840,844937
2026-04-01 21:45:00,6496.0,6502.0,6492.0,6498.0,4103,845882
2026-04-01 21:46:00,6498.0,6502.0,6492.0,6494.0,2830,845266
2026-04-01 21:47:00,6494.0,6506.0,6494.0,6504.0,2831,845024
2026-04-01 21:48:00,6502.0,6508.0,6494.0,6502.0,3638,845435
2026-04-01 21:49:00,6504.0,6506.0,6492.0,6492.0,2700,845402
2026-04-01 21:50:00,6494.0,6498.0,6490.0,6496.0,1887,845483
2026-04-01 21:51:00,6496.0,6504.0,6494.0,6500.0,1960,845635
2026-04-01 21:52:00,6500.0,6504.0,6496.0,6500.0,2169,845564
2026-04-01 21:53:00,6498.0,6502.0,6494.0,6496.0,1341,845533
2026-04-01 21:54:00,6496.0,6496.0,6482.0,6486.0,2512,845123
2026-04-01 21:55:00,6486.0,6490.0,6484.0,6490.0,1868,845058
2026-04-01 21:56:00,6490.0,6496.0,6486.0,6488.0,1266,844943
2026-04-01 21:57:00,6488.0,6492.0,6486.0,6488.0,1215,844785
2026-04-01 21:58:00,6486.0,6488.0,6472.0,6478.0,3012,844315
2026-04-01 21:59:00,6478.0,6492.0,6476.0,6492.0,2534,843787
2026-04-01 22:00:00,6490.0,6500.0,6488.0,6494.0,1795,843710
2026-04-01 22:01:00,6492.0,6510.0,6492.0,6510.0,4704,843241
2026-04-01 22:02:00,6510.0,6510.0,6502.0,6502.0,3582,843661
2026-04-01 22:03:00,6502.0,6510.0,6500.0,6504.0,1824,844080
2026-04-01 22:04:00,6504.0,6504.0,6492.0,6494.0,1568,844034
2026-04-01 22:05:00,6494.0,6494.0,6486.0,6486.0,1670,843784
2026-04-01 22:06:00,6486.0,6490.0,6484.0,6486.0,1005,843542
2026-04-01 22:07:00,6488.0,6500.0,6488.0,6500.0,2903,843229
2026-04-01 22:08:00,6498.0,6502.0,6492.0,6498.0,2421,843665
2026-04-01 22:09:00,6498.0,6498.0,6488.0,6488.0,1052,843557
2026-04-01 22:10:00,6488.0,6496.0,6486.0,6492.0,1942,843734
2026-04-01 22:11:00,6492.0,6496.0,6488.0,6490.0,1347,843474
2026-04-01 22:12:00,6490.0,6496.0,6488.0,6496.0,827,843380
2026-04-01 22:13:00,6496.0,6496.0,6486.0,6488.0,1330,843181
2026-04-01 22:14:00,6488.0,6492.0,6486.0,6486.0,1098,843020
2026-04-01 22:15:00,6486.0,6486.0,6472.0,6476.0,4175,842044
2026-04-01 22:16:00,6476.0,6480.0,6472.0,6472.0,2305,842321
2026-04-01 22:17:00,6472.0,6480.0,6472.0,6478.0,2132,842394
2026-04-01 22:18:00,6478.0,6480.0,6472.0,6474.0,1028,842486
2026-04-01 22:19:00,6474.0,6480.0,6474.0,6478.0,1100,842681
2026-04-01 22:20:00,6476.0,6478.0,6468.0,6470.0,2342,842635
2026-04-01 22:21:00,6468.0,6484.0,6466.0,6482.0,3427,842689
2026-04-01 22:22:00,6482.0,6482.0,6474.0,6478.0,2128,842853
2026-04-01 22:23:00,6478.0,6486.0,6472.0,6472.0,1797,842683
2026-04-01 22:24:00,6476.0,6484.0,6476.0,6480.0,703,842581
2026-04-01 22:25:00,6480.0,6488.0,6478.0,6484.0,1713,842447
2026-04-01 22:26:00,6484.0,6490.0,6484.0,6486.0,1270,842306
2026-04-01 22:27:00,6486.0,6500.0,6486.0,6500.0,2872,842015
2026-04-01 22:28:00,6500.0,6512.0,6500.0,6508.0,4645,841008
2026-04-01 22:29:00,6506.0,6506.0,6498.0,6504.0,1904,840769
2026-04-01 22:30:00,6504.0,6504.0,6498.0,6500.0,853,840757
2026-04-01 22:31:00,6496.0,6504.0,6494.0,6504.0,1921,840875
2026-04-01 22:32:00,6504.0,6506.0,6496.0,6496.0,2181,841107
2026-04-01 22:33:00,6496.0,6502.0,6496.0,6500.0,1603,841552
2026-04-01 22:34:00,6500.0,6508.0,6500.0,6506.0,2676,841310
2026-04-01 22:35:00,6506.0,6526.0,6504.0,6526.0,3493,841737
2026-04-01 22:36:00,6528.0,6536.0,6528.0,6534.0,6118,840759
2026-04-01 22:37:00,6532.0,6538.0,6528.0,6532.0,4154,840895
2026-04-01 22:38:00,6530.0,6544.0,6530.0,6540.0,5736,841233
2026-04-01 22:39:00,6538.0,6538.0,6526.0,6528.0,2138,841071
2026-04-01 22:40:00,6528.0,6530.0,6510.0,6512.0,4429,840808
2026-04-01 22:41:00,6514.0,6532.0,6514.0,6530.0,2728,840687
2026-04-01 22:42:00,6528.0,6534.0,6526.0,6526.0,2122,840649
2026-04-01 22:43:00,6528.0,6530.0,6520.0,6522.0,1425,840665
2026-04-01 22:44:00,6522.0,6526.0,6516.0,6518.0,1810,840431
2026-04-01 22:45:00,6518.0,6520.0,6516.0,6516.0,834,840514
2026-04-01 22:46:00,6518.0,6524.0,6512.0,6522.0,2778,839914
2026-04-01 22:47:00,6522.0,6534.0,6520.0,6530.0,1944,839589
2026-04-01 22:48:00,6524.0,6528.0,6516.0,6522.0,1906,839307
2026-04-01 22:49:00,6522.0,6524.0,6516.0,6518.0,773,839388
2026-04-01 22:50:00,6516.0,6522.0,6516.0,6518.0,959,839348
2026-04-01 22:51:00,6518.0,6518.0,6502.0,6504.0,2973,838285
2026-04-01 22:52:00,6504.0,6510.0,6498.0,6500.0,1913,837592
2026-04-01 22:53:00,6502.0,6508.0,6500.0,6508.0,1869,837970
2026-04-01 22:54:00,6508.0,6518.0,6508.0,6514.0,1664,837382
2026-04-01 22:55:00,6514.0,6516.0,6508.0,6510.0,2440,836202
2026-04-01 22:56:00,6510.0,6516.0,6504.0,6514.0,1608,835660
2026-04-01 22:57:00,6514.0,6516.0,6506.0,6508.0,2455,835125
2026-04-01 22:58:00,6508.0,6514.0,6506.0,6514.0,1164,834902
2026-04-01 22:59:00,6516.0,6520.0,6506.0,6506.0,2857,834270
2026-04-01 23:00:00,6504.0,6512.0,6504.0,6510.0,2505,833203
2026-04-02 09:01:00,6490.0,6510.0,6462.0,6486.0,18147,834108
2026-04-02 09:02:00,6484.0,6486.0,6472.0,6484.0,10204,833775
2026-04-02 09:03:00,6484.0,6542.0,6482.0,6526.0,13088,835250
2026-04-02 09:04:00,6526.0,6570.0,6524.0,6568.0,17605,836786
2026-04-02 09:05:00,6574.0,6582.0,6568.0,6580.0,17800,837163
2026-04-02 09:06:00,6584.0,6600.0,6576.0,6600.0,14864,837374
2026-04-02 09:07:00,6594.0,6602.0,6582.0,6600.0,13915,837927
2026-04-02 09:08:00,6600.0,6602.0,6582.0,6582.0,11434,839799
2026-04-02 09:09:00,6570.0,6582.0,6556.0,6556.0,9504,839459
2026-04-02 09:10:00,6548.0,6576.0,6548.0,6568.0,9862,839318
2026-04-02 09:11:00,6570.0,6570.0,6540.0,6540.0,6652,839457
2026-04-02 09:12:00,6538.0,6554.0,6532.0,6548.0,11143,837994
2026-04-02 09:13:00,6548.0,6562.0,6540.0,6558.0,6057,838545
2026-04-02 09:14:00,6552.0,6560.0,6542.0,6558.0,5505,838617
2026-04-02 09:15:00,6560.0,6582.0,6560.0,6576.0,6668,839313
2026-04-02 09:16:00,6576.0,6592.0,6572.0,6588.0,7950,840459
2026-04-02 09:17:00,6586.0,6602.0,6586.0,6598.0,9670,841121
2026-04-02 09:18:00,6602.0,6636.0,6598.0,6636.0,12392,842768
2026-04-02 09:19:00,6636.0,6678.0,6632.0,6670.0,18940,844597
2026-04-02 09:20:00,6668.0,6674.0,6648.0,6662.0,13907,845156
2026-04-02 09:21:00,6662.0,6666.0,6652.0,6656.0,9903,845372
2026-04-02 09:22:00,6654.0,6688.0,6650.0,6674.0,12238,845831
2026-04-02 09:23:00,6680.0,6688.0,6664.0,6688.0,11966,846889
2026-04-02 09:24:00,6684.0,6690.0,6670.0,6674.0,9362,849116
2026-04-02 09:25:00,6674.0,6704.0,6674.0,6704.0,9295,850492
2026-04-02 09:26:00,6700.0,6712.0,6688.0,6708.0,14288,851845
2026-04-02 09:27:00,6704.0,6736.0,6692.0,6730.0,13981,853636
2026-04-02 09:28:00,6728.0,6734.0,6712.0,6716.0,12058,854603
2026-04-02 09:29:00,6716.0,6720.0,6708.0,6708.0,7649,854110
2026-04-02 09:30:00,6708.0,6728.0,6698.0,6726.0,7259,854480
2026-04-02 09:31:00,6726.0,6752.0,6722.0,6742.0,14298,854981
2026-04-02 09:32:00,6738.0,6744.0,6734.0,6740.0,6795,854957
2026-04-02 09:33:00,6742.0,6752.0,6722.0,6734.0,16057,851711
2026-04-02 09:34:00,6736.0,6756.0,6736.0,6750.0,6457,851674
2026-04-02 09:35:00,6756.0,6776.0,6752.0,6758.0,10078,853126
2026-04-02 09:36:00,6756.0,6756.0,6738.0,6738.0,9304,852995
2026-04-02 09:37:00,6736.0,6736.0,6724.0,6724.0,6102,852655
2026-04-02 09:38:00,6720.0,6738.0,6718.0,6738.0,5714,852442
2026-04-02 09:39:00,6744.0,6744.0,6710.0,6730.0,5559,851747
2026-04-02 09:40:00,6728.0,6730.0,6710.0,6714.0,4496,851569
2026-04-02 09:41:00,6716.0,6724.0,6708.0,6710.0,6148,852449
2026-04-02 09:42:00,6710.0,6722.0,6702.0,6722.0,5023,852338
2026-04-02 09:43:00,6724.0,6734.0,6722.0,6728.0,5194,852956
2026-04-02 09:44:00,6726.0,6740.0,6726.0,6734.0,4104,853349
2026-04-02 09:45:00,6734.0,6756.0,6734.0,6746.0,4823,854092
2026-04-02 09:46:00,6746.0,6766.0,6746.0,6760.0,5862,855548
2026-04-02 09:47:00,6758.0,6758.0,6744.0,6756.0,3856,855992
2026-04-02 09:48:00,6756.0,6778.0,6754.0,6772.0,6414,857941
2026-04-02 09:49:00,6774.0,6778.0,6762.0,6766.0,5728,859860
2026-04-02 09:50:00,6766.0,6766.0,6750.0,6750.0,3894,859842
2026-04-02 09:51:00,6748.0,6754.0,6736.0,6736.0,4063,860092
2026-04-02 09:52:00,6738.0,6746.0,6734.0,6740.0,3324,860364
2026-04-02 09:53:00,6744.0,6744.0,6732.0,6740.0,3423,860088
2026-04-02 09:54:00,6738.0,6754.0,6724.0,6754.0,4189,860132
2026-04-02 09:55:00,6760.0,6764.0,6744.0,6744.0,4514,861687
2026-04-02 09:56:00,6744.0,6766.0,6742.0,6766.0,4684,862503
2026-04-02 09:57:00,6764.0,6786.0,6758.0,6784.0,6689,862753
2026-04-02 09:58:00,6786.0,6786.0,6774.0,6780.0,6557,863905
2026-04-02 09:59:00,6782.0,6792.0,6768.0,6776.0,8141,864547
2026-04-02 10:00:00,6776.0,6780.0,6766.0,6770.0,9956,864628
2026-04-02 10:01:00,6770.0,6772.0,6760.0,6770.0,4818,864223
2026-04-02 10:02:00,6770.0,6782.0,6770.0,6774.0,6126,863579
2026-04-02 10:03:00,6772.0,6782.0,6770.0,6776.0,3583,863760
2026-04-02 10:04:00,6772.0,6774.0,6764.0,6764.0,2678,863152
2026-04-02 10:05:00,6762.0,6770.0,6748.0,6750.0,3286,862867
2026-04-02 10:06:00,6750.0,6760.0,6746.0,6760.0,6049,861652
2026-04-02 10:07:00,6760.0,6764.0,6752.0,6762.0,5956,861333
2026-04-02 10:08:00,6758.0,6768.0,6758.0,6762.0,3363,861955
2026-04-02 10:09:00,6764.0,6788.0,6764.0,6788.0,3717,861940
2026-04-02 10:10:00,6786.0,6792.0,6784.0,6786.0,3968,862710
2026-04-02 10:11:00,6786.0,6804.0,6782.0,6802.0,7852,862511
2026-04-02 10:12:00,6802.0,6806.0,6796.0,6804.0,3329,862614
2026-04-02 10:13:00,6800.0,6804.0,6794.0,6794.0,3654,862732
2026-04-02 10:14:00,6796.0,6804.0,6794.0,6800.0,4514,862019
2026-04-02 10:15:00,6798.0,6800.0,6784.0,6796.0,3552,861341
2026-04-02 10:31:00,6786.0,6804.0,6782.0,6804.0,6498,861814
2026-04-02 10:32:00,6806.0,6814.0,6802.0,6814.0,7075,862800
2026-04-02 10:33:00,6816.0,6836.0,6816.0,6832.0,11422,862031
2026-04-02 10:34:00,6830.0,6830.0,6808.0,6812.0,6589,862815
2026-04-02 10:35:00,6812.0,6828.0,6810.0,6818.0,5994,864166
2026-04-02 10:36:00,6818.0,6824.0,6810.0,6822.0,3481,864196
2026-04-02 10:37:00,6822.0,6832.0,6820.0,6826.0,5900,864481
2026-04-02 10:38:00,6826.0,6842.0,6826.0,6836.0,4582,864626
2026-04-02 10:39:00,6840.0,6840.0,6826.0,6830.0,2797,865188
2026-04-02 10:40:00,6828.0,6846.0,6828.0,6842.0,3558,865037
2026-04-02 10:41:00,6844.0,6848.0,6834.0,6834.0,5505,866373
2026-04-02 10:42:00,6836.0,6838.0,6830.0,6832.0,2727,866922
2026-04-02 10:43:00,6832.0,6836.0,6824.0,6824.0,3624,867550
2026-04-02 10:44:00,6828.0,6836.0,6824.0,6832.0,2323,867521
2026-04-02 10:45:00,6830.0,6834.0,6818.0,6818.0,1796,867587
2026-04-02 10:46:00,6818.0,6828.0,6818.0,6822.0,2486,867604
2026-04-02 10:47:00,6824.0,6824.0,6808.0,6810.0,3710,867112
2026-04-02 10:48:00,6810.0,6820.0,6800.0,6812.0,6164,867717
2026-04-02 10:49:00,6814.0,6840.0,6812.0,6832.0,3956,867611
2026-04-02 10:50:00,6830.0,6838.0,6826.0,6832.0,3051,867931
2026-04-02 10:51:00,6836.0,6852.0,6836.0,6848.0,7506,868727
2026-04-02 10:52:00,6846.0,6858.0,6844.0,6850.0,4909,869134
2026-04-02 10:53:00,6852.0,6854.0,6846.0,6852.0,2239,869758
2026-04-02 10:54:00,6850.0,6858.0,6844.0,6852.0,4137,869889
2026-04-02 10:55:00,6854.0,6856.0,6846.0,6854.0,2293,870338
2026-04-02 10:56:00,6856.0,6856.0,6842.0,6846.0,3577,870675
2026-04-02 10:57:00,6844.0,6850.0,6838.0,6838.0,2220,870929
2026-04-02 10:58:00,6840.0,6840.0,6806.0,6812.0,4503,869970
2026-04-02 10:59:00,6814.0,6822.0,6806.0,6816.0,4013,869134
2026-04-02 11:00:00,6816.0,6816.0,6808.0,6812.0,2551,869282
2026-04-02 11:01:00,6812.0,6830.0,6808.0,6826.0,3724,869243
2026-04-02 11:02:00,6824.0,6848.0,6824.0,6840.0,4969,869362
2026-04-02 11:03:00,6838.0,6850.0,6838.0,6844.0,3499,870213
2026-04-02 11:04:00,6844.0,6848.0,6836.0,6836.0,2245,870420
2026-04-02 11:05:00,6834.0,6844.0,6834.0,6842.0,1700,870535
2026-04-02 11:06:00,6840.0,6848.0,6836.0,6846.0,2016,870692
2026-04-02 11:07:00,6848.0,6852.0,6846.0,6848.0,1961,871088
2026-04-02 11:08:00,6846.0,6850.0,6842.0,6844.0,2375,870901
2026-04-02 11:09:00,6840.0,6848.0,6838.0,6848.0,1656,870882
2026-04-02 11:10:00,6850.0,6860.0,6850.0,6858.0,3433,871787
2026-04-02 11:11:00,6858.0,6864.0,6856.0,6856.0,2976,871899
2026-04-02 11:12:00,6856.0,6856.0,6848.0,6852.0,1981,872246
2026-04-02 11:13:00,6850.0,6876.0,6850.0,6874.0,4906,873471
2026-04-02 11:14:00,6866.0,6868.0,6860.0,6864.0,3794,874284
2026-04-02 11:15:00,6866.0,6878.0,6864.0,6878.0,3718,874884
2026-04-02 11:16:00,6876.0,6878.0,6868.0,6876.0,4280,875956
2026-04-02 11:17:00,6876.0,6880.0,6872.0,6876.0,2822,876705
2026-04-02 11:18:00,6878.0,6878.0,6864.0,6864.0,3340,877224
2026-04-02 11:19:00,6864.0,6864.0,6842.0,6842.0,5590,876500
2026-04-02 11:20:00,6844.0,6856.0,6842.0,6854.0,5521,875817
2026-04-02 11:21:00,6854.0,6860.0,6854.0,6858.0,3077,875759
2026-04-02 11:22:00,6856.0,6856.0,6830.0,6832.0,4077,875394
2026-04-02 11:23:00,6830.0,6844.0,6830.0,6838.0,3588,875648
2026-04-02 11:24:00,6838.0,6842.0,6838.0,6842.0,1471,875767
2026-04-02 11:25:00,6842.0,6844.0,6830.0,6832.0,2186,875621
2026-04-02 11:26:00,6832.0,6842.0,6828.0,6840.0,4729,875128
2026-04-02 11:27:00,6842.0,6846.0,6834.0,6836.0,2088,874594
2026-04-02 11:28:00,6836.0,6836.0,6818.0,6820.0,5125,872976
2026-04-02 11:29:00,6822.0,6822.0,6808.0,6814.0,6200,871101
2026-04-02 11:30:00,6818.0,6826.0,6816.0,6824.0,4494,869597
2026-04-02 13:31:00,6860.0,6892.0,6860.0,6890.0,18152,870250
2026-04-02 13:32:00,6892.0,6910.0,6892.0,6908.0,10938,871587
2026-04-02 13:33:00,6910.0,6914.0,6904.0,6910.0,6744,872821
2026-04-02 13:34:00,6910.0,6928.0,6908.0,6922.0,8680,874317
2026-04-02 13:35:00,6920.0,6920.0,6910.0,6918.0,5529,873627
2026-04-02 13:36:00,6922.0,6930.0,6918.0,6928.0,7127,873579
2026-04-02 13:37:00,6928.0,6928.0,6918.0,6922.0,5747,874558
2026-04-02 13:38:00,6922.0,6928.0,6918.0,6926.0,3374,874710
2026-04-02 13:39:00,6926.0,6932.0,6922.0,6928.0,4265,874383
2026-04-02 13:40:00,6932.0,6932.0,6920.0,6920.0,3775,874850
2026-04-02 13:41:00,6924.0,6930.0,6912.0,6912.0,4146,875515
2026-04-02 13:42:00,6914.0,6926.0,6914.0,6920.0,6449,875109
2026-04-02 13:43:00,6920.0,6922.0,6916.0,6918.0,3855,875888
2026-04-02 13:44:00,6916.0,6934.0,6912.0,6932.0,5010,876422
2026-04-02 13:45:00,6932.0,6934.0,6922.0,6924.0,4073,875992
2026-04-02 13:46:00,6924.0,6928.0,6922.0,6926.0,2223,875919
2026-04-02 13:47:00,6930.0,6930.0,6916.0,6916.0,2073,875896
2026-04-02 13:48:00,6916.0,6946.0,6916.0,6938.0,8486,874499
2026-04-02 13:49:00,6940.0,6940.0,6928.0,6932.0,2891,874690
2026-04-02 13:50:00,6930.0,6942.0,6928.0,6936.0,3757,873926
2026-04-02 13:51:00,6938.0,6944.0,6936.0,6938.0,3417,874332
2026-04-02 13:52:00,6940.0,6942.0,6934.0,6936.0,2643,874228
2026-04-02 13:53:00,6932.0,6940.0,6922.0,6922.0,3003,873674
2026-04-02 13:54:00,6922.0,6922.0,6902.0,6912.0,8506,873042
2026-04-02 13:55:00,6912.0,6920.0,6906.0,6910.0,7296,872629
2026-04-02 13:56:00,6910.0,6922.0,6908.0,6920.0,2717,872349
2026-04-02 13:57:00,6922.0,6922.0,6904.0,6916.0,3050,872101
2026-04-02 13:58:00,6914.0,6922.0,6910.0,6910.0,2201,871695
2026-04-02 13:59:00,6910.0,6916.0,6910.0,6910.0,3250,871772
2026-04-02 14:00:00,6910.0,6922.0,6910.0,6920.0,4705,872572
2026-04-02 14:01:00,6920.0,6920.0,6910.0,6920.0,1952,872689
2026-04-02 14:02:00,6920.0,6936.0,6920.0,6920.0,5197,872544
2026-04-02 14:03:00,6920.0,6930.0,6918.0,6924.0,4201,874055
2026-04-02 14:04:00,6926.0,6926.0,6916.0,6918.0,2390,873727
2026-04-02 14:05:00,6918.0,6924.0,6916.0,6918.0,4024,874208
2026-04-02 14:06:00,6918.0,6930.0,6918.0,6928.0,3577,874102
2026-04-02 14:07:00,6930.0,6934.0,6922.0,6926.0,3696,873580
2026-04-02 14:08:00,6924.0,6926.0,6916.0,6926.0,4602,875313
2026-04-02 14:09:00,6924.0,6926.0,6918.0,6922.0,5391,875857
2026-04-02 14:10:00,6924.0,6928.0,6918.0,6918.0,2778,875317
2026-04-02 14:11:00,6918.0,6928.0,6914.0,6928.0,2911,875008
2026-04-02 14:12:00,6922.0,6924.0,6912.0,6912.0,4154,875963
2026-04-02 14:13:00,6912.0,6916.0,6908.0,6916.0,2036,875663
2026-04-02 14:14:00,6916.0,6920.0,6896.0,6896.0,5071,874930
2026-04-02 14:15:00,6894.0,6906.0,6894.0,6902.0,2433,874803
2026-04-02 14:16:00,6896.0,6904.0,6892.0,6896.0,3202,875154
2026-04-02 14:17:00,6896.0,6906.0,6890.0,6892.0,2864,875047
2026-04-02 14:18:00,6898.0,6910.0,6896.0,6908.0,2304,875383
2026-04-02 14:19:00,6906.0,6910.0,6890.0,6890.0,4097,875547
2026-04-02 14:20:00,6888.0,6892.0,6878.0,6878.0,6090,874369
2026-04-02 14:21:00,6878.0,6878.0,6862.0,6862.0,7558,874034
2026-04-02 14:22:00,6868.0,6876.0,6864.0,6874.0,4723,873540
2026-04-02 14:23:00,6876.0,6888.0,6876.0,6882.0,3257,873351
2026-04-02 14:24:00,6886.0,6886.0,6866.0,6870.0,3418,873326
2026-04-02 14:25:00,6870.0,6878.0,6866.0,6872.0,3493,872647
2026-04-02 14:26:00,6874.0,6874.0,6856.0,6866.0,4902,871520
2026-04-02 14:27:00,6864.0,6874.0,6864.0,6868.0,2099,871359
2026-04-02 14:28:00,6862.0,6870.0,6862.0,6866.0,2194,871360
2026-04-02 14:29:00,6866.0,6874.0,6864.0,6870.0,2112,871654
2026-04-02 14:30:00,6868.0,6886.0,6868.0,6886.0,3615,871213
2026-04-02 14:31:00,6884.0,6888.0,6872.0,6882.0,3343,870471
2026-04-02 14:32:00,6882.0,6884.0,6872.0,6872.0,2061,870455
2026-04-02 14:33:00,6874.0,6882.0,6872.0,6880.0,1157,870237
2026-04-02 14:34:00,6880.0,6884.0,6876.0,6876.0,1771,869965
2026-04-02 14:35:00,6876.0,6876.0,6858.0,6866.0,3878,870417
2026-04-02 14:36:00,6866.0,6878.0,6864.0,6878.0,3155,869292
2026-04-02 14:37:00,6878.0,6884.0,6878.0,6882.0,3091,868474
2026-04-02 14:38:00,6884.0,6888.0,6872.0,6878.0,3149,868095
2026-04-02 14:39:00,6878.0,6878.0,6866.0,6872.0,1743,867547
2026-04-02 14:40:00,6872.0,6874.0,6868.0,6870.0,775,867303
2026-04-02 14:41:00,6872.0,6874.0,6866.0,6874.0,1381,867240
2026-04-02 14:42:00,6874.0,6874.0,6862.0,6872.0,2019,867102
2026-04-02 14:43:00,6870.0,6872.0,6858.0,6860.0,3235,866388
2026-04-02 14:44:00,6862.0,6868.0,6862.0,6864.0,1682,866206
2026-04-02 14:45:00,6864.0,6868.0,6860.0,6866.0,3561,866787
2026-04-02 14:46:00,6868.0,6880.0,6868.0,6878.0,1930,866015
2026-04-02 14:47:00,6880.0,6880.0,6862.0,6864.0,2389,865387
2026-04-02 14:48:00,6866.0,6868.0,6860.0,6866.0,2555,864679
2026-04-02 14:49:00,6868.0,6882.0,6868.0,6882.0,2315,864149
2026-04-02 14:50:00,6884.0,6884.0,6874.0,6876.0,1836,864484
2026-04-02 14:51:00,6872.0,6874.0,6864.0,6868.0,2671,863975
2026-04-02 14:52:00,6868.0,6868.0,6858.0,6862.0,4207,864626
2026-04-02 14:53:00,6860.0,6864.0,6858.0,6858.0,199,864409
2026-04-02 14:54:00,6858.0,6860.0,6850.0,6854.0,5367,863026
2026-04-02 14:55:00,6854.0,6866.0,6852.0,6866.0,2974,863189
2026-04-02 14:56:00,6860.0,6860.0,6850.0,6856.0,3048,862709
2026-04-02 14:57:00,6858.0,6866.0,6858.0,6866.0,4335,862438
2026-04-02 14:58:00,6866.0,6866.0,6850.0,6852.0,1671,860689
2026-04-02 14:59:00,6850.0,6858.0,6848.0,6850.0,3205,859701
2026-04-02 15:00:00,6852.0,6856.0,6842.0,6856.0,5105,857455
2026-04-02 21:01:00,7052.0,7054.0,6954.0,6990.0,60425,858659
2026-04-02 21:02:00,6988.0,6992.0,6962.0,6978.0,19013,858562
2026-04-02 21:03:00,6976.0,6980.0,6958.0,6974.0,13120,858647
2026-04-02 21:04:00,6972.0,6972.0,6944.0,6946.0,11673,858985
2026-04-02 21:05:00,6940.0,6946.0,6932.0,6936.0,9326,859207
2026-04-02 21:06:00,6938.0,6948.0,6932.0,6938.0,10695,858565
2026-04-02 21:07:00,6936.0,6946.0,6926.0,6936.0,8526,858416
2026-04-02 21:08:00,6932.0,6934.0,6918.0,6928.0,8880,858145
2026-04-02 21:09:00,6926.0,6930.0,6916.0,6924.0,6063,858620
2026-04-02 21:10:00,6926.0,6946.0,6926.0,6942.0,9623,858735
2026-04-02 21:11:00,6940.0,6944.0,6934.0,6936.0,5275,858805
2026-04-02 21:12:00,6924.0,6938.0,6924.0,6936.0,5482,859137
2026-04-02 21:13:00,6938.0,6948.0,6934.0,6936.0,5163,859719
2026-04-02 21:14:00,6932.0,6936.0,6928.0,6932.0,3460,859506
2026-04-02 21:15:00,6930.0,6936.0,6928.0,6934.0,4255,860099
2026-04-02 21:16:00,6930.0,6934.0,6906.0,6920.0,8782,859372
2026-04-02 21:17:00,6918.0,6936.0,6910.0,6934.0,7137,858373
2026-04-02 21:18:00,6936.0,6936.0,6908.0,6910.0,4692,859339
2026-04-02 21:19:00,6912.0,6926.0,6908.0,6920.0,5737,859211
2026-04-02 21:20:00,6920.0,6924.0,6914.0,6918.0,3424,859565
2026-04-02 21:21:00,6916.0,6920.0,6908.0,6914.0,3509,859127
2026-04-02 21:22:00,6912.0,6920.0,6912.0,6918.0,2319,859171
2026-04-02 21:23:00,6920.0,6922.0,6910.0,6912.0,2750,859383
2026-04-02 21:24:00,6912.0,6940.0,6912.0,6938.0,5443,860085
2026-04-02 21:25:00,6940.0,6950.0,6938.0,6950.0,7504,861754
2026-04-02 21:26:00,6950.0,6952.0,6920.0,6930.0,6083,861353
2026-04-02 21:27:00,6930.0,6932.0,6920.0,6924.0,4527,860509
2026-04-02 21:28:00,6922.0,6936.0,6920.0,6930.0,2712,860521
2026-04-02 21:29:00,6932.0,6932.0,6920.0,6920.0,3228,861101
2026-04-02 21:30:00,6920.0,6926.0,6916.0,6926.0,2269,861118
2026-04-02 21:31:00,6926.0,6926.0,6910.0,6914.0,4418,860919
2026-04-02 21:32:00,6912.0,6920.0,6910.0,6918.0,3410,860601
2026-04-02 21:33:00,6918.0,6920.0,6910.0,6910.0,3571,860134
2026-04-02 21:34:00,6910.0,6922.0,6892.0,6894.0,6814,859722
2026-04-02 21:35:00,6894.0,6896.0,6880.0,6888.0,8055,859356
2026-04-02 21:36:00,6886.0,6890.0,6880.0,6880.0,4485,859230
2026-04-02 21:37:00,6882.0,6908.0,6880.0,6906.0,6155,858069
2026-04-02 21:38:00,6906.0,6918.0,6906.0,6910.0,4253,858227
2026-04-02 21:39:00,6912.0,6914.0,6898.0,6910.0,3344,858179
2026-04-02 21:40:00,6912.0,6924.0,6912.0,6924.0,3418,858518
2026-04-02 21:41:00,6926.0,6926.0,6912.0,6920.0,3620,858465
2026-04-02 21:42:00,6922.0,6926.0,6902.0,6904.0,2889,858549
2026-04-02 21:43:00,6902.0,6916.0,6902.0,6914.0,2133,858836
2026-04-02 21:44:00,6914.0,6918.0,6910.0,6914.0,1762,858805
2026-04-02 21:45:00,6914.0,6922.0,6914.0,6918.0,2599,859060
2026-04-02 21:46:00,6918.0,6918.0,6896.0,6902.0,3007,859378
2026-04-02 21:47:00,6904.0,6904.0,6888.0,6888.0,4283,859229
2026-04-02 21:48:00,6890.0,6892.0,6882.0,6884.0,2781,858761
2026-04-02 21:49:00,6886.0,6896.0,6884.0,6890.0,4181,858251
2026-04-02 21:50:00,6892.0,6898.0,6888.0,6896.0,2724,857973
2026-04-02 21:51:00,6896.0,6900.0,6878.0,6886.0,4966,857471
2026-04-02 21:52:00,6888.0,6890.0,6868.0,6868.0,4482,857973
2026-04-02 21:53:00,6868.0,6870.0,6862.0,6868.0,6894,857492
2026-04-02 21:54:00,6868.0,6876.0,6868.0,6874.0,2925,857573
2026-04-02 21:55:00,6874.0,6878.0,6870.0,6874.0,3204,857937
2026-04-02 21:56:00,6872.0,6876.0,6868.0,6870.0,2348,858081
2026-04-02 21:57:00,6870.0,6876.0,6866.0,6876.0,3082,858370
2026-04-02 21:58:00,6874.0,6886.0,6874.0,6880.0,2908,857831
2026-04-02 21:59:00,6880.0,6904.0,6880.0,6902.0,4016,857514
2026-04-02 22:00:00,6902.0,6902.0,6890.0,6896.0,3328,857499
2026-04-02 22:01:00,6894.0,6900.0,6882.0,6898.0,3407,858046
2026-04-02 22:02:00,6898.0,6912.0,6898.0,6912.0,2608,857920
2026-04-02 22:03:00,6912.0,6912.0,6892.0,6896.0,3211,858427
2026-04-02 22:04:00,6898.0,6910.0,6896.0,6902.0,2920,858351
2026-04-02 22:05:00,6902.0,6906.0,6896.0,6900.0,1749,858752
2026-04-02 22:06:00,6900.0,6904.0,6884.0,6884.0,2199,858857
2026-04-02 22:07:00,6890.0,6890.0,6866.0,6868.0,5348,858220
2026-04-02 22:08:00,6870.0,6888.0,6870.0,6880.0,5216,857959
2026-04-02 22:09:00,6880.0,6880.0,6864.0,6866.0,3022,858143
2026-04-02 22:10:00,6866.0,6868.0,6850.0,6852.0,8872,857717
2026-04-02 22:11:00,6850.0,6858.0,6842.0,6858.0,7918,856992
2026-04-02 22:12:00,6856.0,6856.0,6826.0,6836.0,7495,856693
2026-04-02 22:13:00,6836.0,6836.0,6822.0,6824.0,5201,857059
2026-04-02 22:14:00,6824.0,6836.0,6816.0,6816.0,5267,856451
2026-04-02 22:15:00,6812.0,6830.0,6808.0,6830.0,8344,856788
2026-04-02 22:16:00,6826.0,6830.0,6818.0,6830.0,4684,856684
2026-04-02 22:17:00,6830.0,6832.0,6818.0,6824.0,2849,856292
2026-04-02 22:18:00,6824.0,6828.0,6818.0,6824.0,2344,856182
2026-04-02 22:19:00,6828.0,6828.0,6808.0,6810.0,3506,856135
2026-04-02 22:20:00,6812.0,6812.0,6792.0,6802.0,8220,855202
2026-04-02 22:21:00,6800.0,6802.0,6786.0,6786.0,6576,855075
2026-04-02 22:22:00,6786.0,6790.0,6780.0,6780.0,5338,854217
2026-04-02 22:23:00,6782.0,6794.0,6774.0,6792.0,4969,853267
2026-04-02 22:24:00,6792.0,6796.0,6784.0,6784.0,3811,853620
2026-04-02 22:25:00,6784.0,6788.0,6776.0,6780.0,4072,853774
2026-04-02 22:26:00,6778.0,6790.0,6774.0,6788.0,2531,853548
2026-04-02 22:27:00,6788.0,6806.0,6788.0,6806.0,4008,853758
2026-04-02 22:28:00,6802.0,6808.0,6796.0,6798.0,4571,853324
2026-04-02 22:29:00,6798.0,6800.0,6792.0,6794.0,2651,853622
2026-04-02 22:30:00,6794.0,6798.0,6792.0,6794.0,1568,853469
2026-04-02 22:31:00,6794.0,6812.0,6794.0,6810.0,4163,853366
2026-04-02 22:32:00,6806.0,6810.0,6798.0,6800.0,2660,853338
2026-04-02 22:33:00,6800.0,6804.0,6794.0,6794.0,3661,853208
2026-04-02 22:34:00,6794.0,6802.0,6790.0,6794.0,3640,852942
2026-04-02 22:35:00,6794.0,6796.0,6788.0,6792.0,2402,852949
2026-04-02 22:36:00,6792.0,6796.0,6768.0,6768.0,4542,852834
2026-04-02 22:37:00,6762.0,6768.0,6734.0,6734.0,11771,852443
2026-04-02 22:38:00,6734.0,6762.0,6728.0,6762.0,9217,851155
2026-04-02 22:39:00,6756.0,6774.0,6756.0,6770.0,8393,851235
2026-04-02 22:40:00,6762.0,6764.0,6744.0,6744.0,7060,852371
2026-04-02 22:41:00,6740.0,6740.0,6712.0,6724.0,13892,850146
2026-04-02 22:42:00,6732.0,6734.0,6720.0,6726.0,4966,849270
2026-04-02 22:43:00,6724.0,6728.0,6694.0,6700.0,11754,846482
2026-04-02 22:44:00,6700.0,6702.0,6684.0,6690.0,7227,845271
2026-04-02 22:45:00,6698.0,6698.0,6674.0,6674.0,6478,844743
2026-04-02 22:46:00,6676.0,6710.0,6668.0,6706.0,9290,842918
2026-04-02 22:47:00,6708.0,6722.0,6702.0,6712.0,6225,842112
2026-04-02 22:48:00,6710.0,6714.0,6690.0,6698.0,4258,842158
2026-04-02 22:49:00,6696.0,6712.0,6688.0,6700.0,3602,841627
2026-04-02 22:50:00,6700.0,6712.0,6700.0,6710.0,4708,841469
2026-04-02 22:51:00,6708.0,6740.0,6708.0,6734.0,7478,840569
2026-04-02 22:52:00,6734.0,6734.0,6718.0,6722.0,3214,840154
2026-04-02 22:53:00,6720.0,6722.0,6704.0,6704.0,5558,840297
2026-04-02 22:54:00,6706.0,6718.0,6704.0,6716.0,2683,840299
2026-04-02 22:55:00,6716.0,6716.0,6698.0,6704.0,4625,839473
2026-04-02 22:56:00,6702.0,6706.0,6682.0,6684.0,4168,838826
2026-04-02 22:57:00,6684.0,6708.0,6680.0,6704.0,3196,838080
2026-04-02 22:58:00,6704.0,6704.0,6696.0,6702.0,2244,837401
2026-04-02 22:59:00,6702.0,6710.0,6688.0,6710.0,5366,836207
2026-04-02 23:00:00,6710.0,6714.0,6700.0,6708.0,4849,835097
2026-04-03 09:01:00,6764.0,6764.0,6708.0,6748.0,18309,834255
2026-04-03 09:02:00,6744.0,6746.0,6726.0,6726.0,7021,833434
2026-04-03 09:03:00,6726.0,6758.0,6720.0,6754.0,8451,833778
2026-04-03 09:04:00,6756.0,6796.0,6750.0,6796.0,14278,834807
2026-04-03 09:05:00,6790.0,6808.0,6780.0,6804.0,11066,835917
2026-04-03 09:06:00,6804.0,6806.0,6774.0,6774.0,7536,836107
2026-04-03 09:07:00,6772.0,6804.0,6764.0,6792.0,9945,837631
2026-04-03 09:08:00,6792.0,6796.0,6784.0,6786.0,2296,837630
2026-04-03 09:09:00,6786.0,6798.0,6784.0,6790.0,3535,837296
2026-04-03 09:10:00,6790.0,6812.0,6790.0,6800.0,8130,838930
2026-04-03 09:11:00,6800.0,6800.0,6786.0,6790.0,4868,839385
2026-04-03 09:12:00,6790.0,6812.0,6790.0,6798.0,3939,839926
2026-04-03 09:13:00,6800.0,6806.0,6798.0,6800.0,3054,840773
2026-04-03 09:14:00,6800.0,6804.0,6794.0,6794.0,2183,840521
2026-04-03 09:15:00,6794.0,6804.0,6792.0,6792.0,1660,840211
2026-04-03 09:16:00,6792.0,6796.0,6790.0,6792.0,1285,840057
2026-04-03 09:17:00,6794.0,6796.0,6780.0,6780.0,2127,839808
2026-04-03 09:18:00,6782.0,6788.0,6780.0,6780.0,1620,839513
2026-04-03 09:19:00,6780.0,6780.0,6766.0,6768.0,2665,839150
2026-04-03 09:20:00,6770.0,6778.0,6766.0,6766.0,2601,839008
2026-04-03 09:21:00,6768.0,6790.0,6758.0,6790.0,5254,839089
2026-04-03 09:22:00,6790.0,6804.0,6788.0,6800.0,5478,840070
2026-04-03 09:23:00,6798.0,6804.0,6790.0,6804.0,4041,840407
2026-04-03 09:24:00,6804.0,6808.0,6794.0,6802.0,3217,840702
2026-04-03 09:25:00,6804.0,6808.0,6792.0,6798.0,2685,840645
2026-04-03 09:26:00,6796.0,6804.0,6792.0,6794.0,2102,840601
2026-04-03 09:27:00,6794.0,6798.0,6788.0,6794.0,1685,840433
2026-04-03 09:28:00,6796.0,6802.0,6786.0,6800.0,1911,840071
2026-04-03 09:29:00,6798.0,6814.0,6798.0,6812.0,4350,840719
2026-04-03 09:30:00,6812.0,6814.0,6804.0,6810.0,3147,842014
2026-04-03 09:31:00,6812.0,6832.0,6812.0,6824.0,7263,842595
2026-04-03 09:32:00,6824.0,6824.0,6808.0,6810.0,3772,842697
2026-04-03 09:33:00,6810.0,6816.0,6804.0,6814.0,2384,842653
2026-04-03 09:34:00,6816.0,6820.0,6814.0,6818.0,1127,842851
2026-04-03 09:35:00,6818.0,6828.0,6818.0,6826.0,1991,842933
2026-04-03 09:36:00,6828.0,6836.0,6822.0,6832.0,3893,843601
2026-04-03 09:37:00,6832.0,6836.0,6828.0,6830.0,2115,844067
2026-04-03 09:38:00,6832.0,6836.0,6824.0,6832.0,3624,844687
2026-04-03 09:39:00,6832.0,6834.0,6828.0,6830.0,1887,844659
2026-04-03 09:40:00,6830.0,6836.0,6828.0,6836.0,1801,844305
2026-04-03 09:41:00,6838.0,6844.0,6836.0,6838.0,2834,845222
2026-04-03 09:42:00,6838.0,6840.0,6824.0,6824.0,2089,844912
2026-04-03 09:43:00,6824.0,6838.0,6824.0,6832.0,1950,845425
2026-04-03 09:44:00,6834.0,6834.0,6824.0,6826.0,1539,845285
2026-04-03 09:45:00,6828.0,6830.0,6820.0,6830.0,1903,845082
2026-04-03 09:46:00,6830.0,6846.0,6828.0,6846.0,2059,844925
2026-04-03 09:47:00,6848.0,6858.0,6848.0,6856.0,5644,847076
2026-04-03 09:48:00,6856.0,6862.0,6850.0,6850.0,2082,847482
2026-04-03 09:49:00,6842.0,6854.0,6842.0,6848.0,2017,847218
2026-04-03 09:50:00,6844.0,6848.0,6836.0,6842.0,1649,847051
2026-04-03 09:51:00,6842.0,6858.0,6842.0,6858.0,1899,847022
2026-04-03 09:52:00,6860.0,6872.0,6858.0,6870.0,4426,848071
2026-04-03 09:53:00,6868.0,6886.0,6864.0,6882.0,5762,850118
2026-04-03 09:54:00,6882.0,6890.0,6878.0,6880.0,3588,849972
2026-04-03 09:55:00,6880.0,6882.0,6876.0,6878.0,1786,849970
2026-04-03 09:56:00,6880.0,6888.0,6878.0,6880.0,2392,850058
2026-04-03 09:57:00,6880.0,6900.0,6880.0,6900.0,5166,851448
2026-04-03 09:58:00,6900.0,6914.0,6896.0,6908.0,4670,852268
2026-04-03 09:59:00,6908.0,6922.0,6906.0,6908.0,7667,852941
2026-04-03 10:00:00,6910.0,6914.0,6896.0,6900.0,3172,852913
2026-04-03 10:01:00,6902.0,6902.0,6890.0,6890.0,4168,852687
2026-04-03 10:02:00,6890.0,6896.0,6884.0,6896.0,3392,852377
2026-04-03 10:03:00,6894.0,6894.0,6878.0,6882.0,2782,851604
2026-04-03 10:04:00,6882.0,6892.0,6882.0,6890.0,1731,851836
2026-04-03 10:05:00,6898.0,6898.0,6888.0,6892.0,1260,851920
2026-04-03 10:06:00,6892.0,6894.0,6884.0,6890.0,1506,852160
2026-04-03 10:07:00,6890.0,6890.0,6884.0,6888.0,3159,851971
2026-04-03 10:08:00,6890.0,6902.0,6888.0,6900.0,2713,852137
2026-04-03 10:09:00,6896.0,6904.0,6890.0,6894.0,3101,852720
2026-04-03 10:10:00,6890.0,6894.0,6888.0,6890.0,1266,852487
2026-04-03 10:11:00,6890.0,6894.0,6874.0,6878.0,3628,851607
2026-04-03 10:12:00,6878.0,6888.0,6874.0,6888.0,2034,850920
2026-04-03 10:13:00,6890.0,6892.0,6870.0,6870.0,3406,849849
2026-04-03 10:14:00,6868.0,6876.0,6858.0,6872.0,4312,848288
2026-04-03 10:15:00,6870.0,6880.0,6870.0,6880.0,1538,847995
2026-04-03 10:31:00,6870.0,6870.0,6844.0,6856.0,5622,847533
2026-04-03 10:32:00,6856.0,6858.0,6850.0,6854.0,2106,847998
2026-04-03 10:33:00,6852.0,6854.0,6838.0,6838.0,6416,847541
2026-04-03 10:34:00,6838.0,6844.0,6832.0,6832.0,4602,847227
2026-04-03 10:35:00,6834.0,6836.0,6822.0,6826.0,4048,845943
2026-04-03 10:36:00,6824.0,6824.0,6810.0,6824.0,6053,844840
2026-04-03 10:37:00,6824.0,6834.0,6816.0,6828.0,4472,843975
2026-04-03 10:38:00,6828.0,6832.0,6824.0,6832.0,2693,843769
2026-04-03 10:39:00,6830.0,6846.0,6830.0,6844.0,3208,843369
2026-04-03 10:40:00,6842.0,6844.0,6834.0,6836.0,2578,843322
2026-04-03 10:41:00,6836.0,6840.0,6832.0,6832.0,1656,843056
2026-04-03 10:42:00,6830.0,6842.0,6830.0,6840.0,1513,842649
2026-04-03 10:43:00,6840.0,6860.0,6838.0,6860.0,2438,842761
2026-04-03 10:44:00,6862.0,6868.0,6860.0,6866.0,2309,842601
2026-04-03 10:45:00,6866.0,6872.0,6858.0,6862.0,5333,840914
2026-04-03 10:46:00,6866.0,6872.0,6856.0,6858.0,3088,840452
2026-04-03 10:47:00,6856.0,6858.0,6842.0,6842.0,4298,839161
2026-04-03 10:48:00,6842.0,6848.0,6838.0,6846.0,2098,838614
2026-04-03 10:49:00,6844.0,6852.0,6836.0,6848.0,4580,837823
2026-04-03 10:50:00,6850.0,6852.0,6830.0,6836.0,4479,836788
2026-04-03 10:51:00,6834.0,6852.0,6834.0,6852.0,2480,836293
2026-04-03 10:52:00,6852.0,6862.0,6844.0,6856.0,4789,836708
2026-04-03 10:53:00,6854.0,6874.0,6854.0,6872.0,3556,836694
2026-04-03 10:54:00,6870.0,6870.0,6864.0,6868.0,2688,836593
2026-04-03 10:55:00,6868.0,6870.0,6864.0,6868.0,1657,836819
2026-04-03 10:56:00,6868.0,6886.0,6866.0,6886.0,4256,837470
2026-04-03 10:57:00,6884.0,6892.0,6880.0,6882.0,4264,837219
2026-04-03 10:58:00,6880.0,6882.0,6876.0,6878.0,1911,837047
2026-04-03 10:59:00,6878.0,6888.0,6878.0,6886.0,2628,837001
2026-04-03 11:00:00,6882.0,6890.0,6882.0,6888.0,2292,836949
2026-04-03 11:01:00,6888.0,6898.0,6880.0,6882.0,4642,837651
2026-04-03 11:02:00,6888.0,6900.0,6884.0,6890.0,4451,838765
2026-04-03 11:03:00,6890.0,6910.0,6890.0,6904.0,6574,841083
2026-04-03 11:04:00,6904.0,6906.0,6894.0,6902.0,2274,841337
2026-04-03 11:05:00,6902.0,6910.0,6896.0,6896.0,3261,841708
2026-04-03 11:06:00,6894.0,6908.0,6894.0,6896.0,6197,844493
2026-04-03 11:07:00,6894.0,6896.0,6884.0,6886.0,2492,844167
2026-04-03 11:08:00,6888.0,6904.0,6882.0,6904.0,4054,844704
2026-04-03 11:09:00,6906.0,6918.0,6904.0,6918.0,6706,845961
2026-04-03 11:10:00,6914.0,6916.0,6904.0,6912.0,2858,846509
2026-04-03 11:11:00,6914.0,6916.0,6910.0,6914.0,2563,846681
2026-04-03 11:12:00,6914.0,6932.0,6914.0,6918.0,8637,847200
2026-04-03 11:13:00,6918.0,6922.0,6898.0,6902.0,6552,847525
2026-04-03 11:14:00,6902.0,6918.0,6902.0,6916.0,4939,848257
2026-04-03 11:15:00,6916.0,6924.0,6916.0,6920.0,3225,848058
2026-04-03 11:16:00,6918.0,6924.0,6914.0,6914.0,2103,848055
2026-04-03 11:17:00,6914.0,6914.0,6904.0,6906.0,1965,847776
2026-04-03 11:18:00,6908.0,6910.0,6902.0,6906.0,1539,847544
2026-04-03 11:19:00,6910.0,6916.0,6902.0,6902.0,3673,847852
2026-04-03 11:20:00,6902.0,6914.0,6902.0,6910.0,1398,847992
2026-04-03 11:21:00,6910.0,6916.0,6904.0,6910.0,2430,848382
2026-04-03 11:22:00,6910.0,6910.0,6902.0,6910.0,1528,848574
2026-04-03 11:23:00,6910.0,6912.0,6902.0,6904.0,1915,848276
2026-04-03 11:24:00,6904.0,6916.0,6900.0,6914.0,1542,848337
2026-04-03 11:25:00,6916.0,6918.0,6906.0,6906.0,1636,848357
2026-04-03 11:26:00,6908.0,6912.0,6904.0,6912.0,3158,847934
2026-04-03 11:27:00,6912.0,6918.0,6900.0,6900.0,1640,847708
2026-04-03 11:28:00,6900.0,6916.0,6894.0,6916.0,3036,847289
2026-04-03 11:29:00,6916.0,6916.0,6900.0,6906.0,1764,846817
2026-04-03 11:30:00,6904.0,6918.0,6904.0,6918.0,2638,846313
2026-04-03 13:31:00,6916.0,6938.0,6894.0,6934.0,7860,846779
2026-04-03 13:32:00,6930.0,6932.0,6918.0,6924.0,2890,847343
2026-04-03 13:33:00,6914.0,6930.0,6914.0,6926.0,4004,847907
2026-04-03 13:34:00,6920.0,6928.0,6900.0,6900.0,5005,847589
2026-04-03 13:35:00,6904.0,6916.0,6900.0,6916.0,4241,847710
2026-04-03 13:36:00,6910.0,6938.0,6910.0,6936.0,6490,849150
2026-04-03 13:37:00,6938.0,6940.0,6928.0,6938.0,6778,851645
2026-04-03 13:38:00,6942.0,6942.0,6934.0,6938.0,5254,853499
2026-04-03 13:39:00,6938.0,6948.0,6934.0,6944.0,5489,854567
2026-04-03 13:40:00,6942.0,6948.0,6942.0,6946.0,3873,855520
2026-04-03 13:41:00,6946.0,6946.0,6938.0,6938.0,4831,857325
2026-04-03 13:42:00,6934.0,6942.0,6934.0,6936.0,2235,857551
2026-04-03 13:43:00,6938.0,6952.0,6934.0,6950.0,6186,858357
2026-04-03 13:44:00,6950.0,6952.0,6942.0,6944.0,4304,858030
2026-04-03 13:45:00,6944.0,6948.0,6940.0,6942.0,2212,858521
2026-04-03 13:46:00,6940.0,6942.0,6936.0,6936.0,4142,857952
2026-04-03 13:47:00,6934.0,6934.0,6920.0,6922.0,6181,856279
2026-04-03 13:48:00,6922.0,6926.0,6916.0,6918.0,4845,856089
2026-04-03 13:49:00,6920.0,6926.0,6918.0,6926.0,2368,855923
2026-04-03 13:50:00,6928.0,6948.0,6928.0,6948.0,3753,855949
2026-04-03 13:51:00,6948.0,6950.0,6944.0,6948.0,5250,856678
2026-04-03 13:52:00,6948.0,6960.0,6948.0,6954.0,5946,857878
2026-04-03 13:53:00,6954.0,6960.0,6952.0,6954.0,5399,859040
2026-04-03 13:54:00,6954.0,6964.0,6948.0,6962.0,3592,859178
2026-04-03 13:55:00,6964.0,6966.0,6952.0,6952.0,3189,859750
2026-04-03 13:56:00,6958.0,6960.0,6950.0,6958.0,2577,860112
2026-04-03 13:57:00,6954.0,6960.0,6952.0,6956.0,1232,860158
2026-04-03 13:58:00,6958.0,6962.0,6952.0,6952.0,5265,861848
2026-04-03 13:59:00,6956.0,6966.0,6956.0,6964.0,3124,862038
2026-04-03 14:00:00,6968.0,6986.0,6968.0,6980.0,9911,865002
2026-04-03 14:01:00,6980.0,6988.0,6972.0,6988.0,4861,866530
2026-04-03 14:02:00,6986.0,6986.0,6972.0,6974.0,3517,866514
2026-04-03 14:03:00,6970.0,6976.0,6964.0,6966.0,2526,866399
2026-04-03 14:04:00,6964.0,6978.0,6958.0,6974.0,3231,866201
2026-04-03 14:05:00,6974.0,6974.0,6966.0,6970.0,2338,866374
2026-04-03 14:06:00,6970.0,6982.0,6970.0,6980.0,4389,867976
2026-04-03 14:07:00,6982.0,6984.0,6972.0,6974.0,4534,868062
2026-04-03 14:08:00,6972.0,6984.0,6970.0,6984.0,3304,867254
2026-04-03 14:09:00,6988.0,6988.0,6970.0,6970.0,6458,867818
2026-04-03 14:10:00,6968.0,6972.0,6964.0,6972.0,2253,867929
2026-04-03 14:11:00,6976.0,6978.0,6962.0,6966.0,3474,868561
2026-04-03 14:12:00,6970.0,6972.0,6954.0,6970.0,3947,868734
2026-04-03 14:13:00,6964.0,6976.0,6964.0,6974.0,2272,868747
2026-04-03 14:14:00,6972.0,6988.0,6972.0,6978.0,6339,869452
2026-04-03 14:15:00,6978.0,6986.0,6974.0,6974.0,2273,869379
2026-04-03 14:16:00,6974.0,6988.0,6972.0,6984.0,2365,869678
2026-04-03 14:17:00,6982.0,6982.0,6972.0,6978.0,2822,869022
2026-04-03 14:18:00,6978.0,6980.0,6968.0,6974.0,2354,868100
2026-04-03 14:19:00,6974.0,6974.0,6966.0,6966.0,1294,868046
2026-04-03 14:20:00,6964.0,6974.0,6964.0,6970.0,1622,868473
2026-04-03 14:21:00,6972.0,6972.0,6946.0,6950.0,4421,867210
2026-04-03 14:22:00,6956.0,6960.0,6950.0,6952.0,1865,867254
2026-04-03 14:23:00,6952.0,6952.0,6946.0,6948.0,2855,867102
2026-04-03 14:24:00,6950.0,6962.0,6950.0,6954.0,2973,867444
2026-04-03 14:25:00,6956.0,6978.0,6952.0,6978.0,4636,868465
2026-04-03 14:26:00,6976.0,6980.0,6958.0,6972.0,7062,871349
2026-04-03 14:27:00,6970.0,6984.0,6964.0,6978.0,3132,871828
2026-04-03 14:28:00,6980.0,6986.0,6976.0,6982.0,3848,872520
2026-04-03 14:29:00,6984.0,6988.0,6978.0,6986.0,3874,873268
2026-04-03 14:30:00,6986.0,6992.0,6984.0,6986.0,3241,873000
2026-04-03 14:31:00,6986.0,6990.0,6982.0,6990.0,3998,872930
2026-04-03 14:32:00,6994.0,7000.0,6990.0,7000.0,5504,872339
2026-04-03 14:33:00,7000.0,7010.0,6996.0,7008.0,5148,872018
2026-04-03 14:34:00,7010.0,7010.0,6994.0,6998.0,4487,873519
2026-04-03 14:35:00,7000.0,7004.0,6992.0,6996.0,2706,873439
2026-04-03 14:36:00,6996.0,7008.0,6994.0,7006.0,2440,873852
2026-04-03 14:37:00,7006.0,7008.0,6994.0,6998.0,4128,874682
2026-04-03 14:38:00,6998.0,7006.0,6996.0,7000.0,3772,876057
2026-04-03 14:39:00,7000.0,7002.0,6990.0,6996.0,3378,876272
2026-04-03 14:40:00,6996.0,6998.0,6986.0,6988.0,3008,875945
2026-04-03 14:41:00,6988.0,6990.0,6974.0,6976.0,3562,875177
2026-04-03 14:42:00,6978.0,6978.0,6958.0,6958.0,5106,873584
2026-04-03 14:43:00,6958.0,6980.0,6958.0,6980.0,6065,874145
2026-04-03 14:44:00,6978.0,7000.0,6976.0,6992.0,4959,874052
2026-04-03 14:45:00,6992.0,6996.0,6982.0,6982.0,1850,874215
2026-04-03 14:46:00,6986.0,6996.0,6984.0,6996.0,1643,874038
2026-04-03 14:47:00,6990.0,6992.0,6960.0,6960.0,3122,873501
2026-04-03 14:48:00,6962.0,6970.0,6960.0,6962.0,3186,873502
2026-04-03 14:49:00,6958.0,6968.0,6954.0,6968.0,3015,873356
2026-04-03 14:50:00,6970.0,6972.0,6952.0,6952.0,2139,873172
2026-04-03 14:51:00,6956.0,6962.0,6952.0,6960.0,3887,873777
2026-04-03 14:52:00,6960.0,6960.0,6950.0,6960.0,2682,873145
2026-04-03 14:53:00,6958.0,6960.0,6950.0,6950.0,4925,873031
2026-04-03 14:54:00,6950.0,6956.0,6946.0,6950.0,4269,871590
2026-04-03 14:55:00,6952.0,6956.0,6948.0,6952.0,4572,869652
2026-04-03 14:56:00,6950.0,6968.0,6948.0,6968.0,3965,868079
2026-04-03 14:57:00,6968.0,6970.0,6960.0,6964.0,3281,867298
2026-04-03 14:58:00,6962.0,6980.0,6962.0,6980.0,2906,867100
2026-04-03 14:59:00,6978.0,6990.0,6978.0,6988.0,922,866115
2026-04-03 15:00:00,6988.0,6990.0,6978.0,6988.0,5573,864480
