交易所ID,合约ID,合约名称,商品类别,品种ID,合约乘数,最小变动价位,做多保证金率,做空保证金率,做多保证金/手,做空保证金/手,开仓手续费率,开仓手续费/手,平仓手续费率,平仓手续费/手,平今手续费率,平今手续费/手,交割年份,交割月份,上市日期,最后交易日,交割日,标的合约ID,标的合约乘数,期权类型,行权价,合约状态
CZCE,TA605C4050,TA605C4050,2,TAC,5,0.5,0.0,0.0,0.0,0.0,6.000000000000001e-08,0.51,6.000000000000001e-08,0.51,6.000000000000001e-08,0.0,2026,4,2025-10-09,2026-04-13,2026-04-13,TA605,1,1,4050.0,1
CZCE,TA605C4100,TA605C4100,2,TAC,5,0.5,0.0,0.0,0.0,0.0,6.000000000000001e-08,0.51,6.000000000000001e-08,0.51,6.000000000000001e-08,0.0,2026,4,2025-09-30,2026-04-13,2026-04-13,TA605,1,1,4100.0,1
CZCE,TA605C4150,TA605C4150,2,TAC,5,0.5,0.0,0.0,0.0,0.0,6.000000000000001e-08,0.51,6.000000000000001e-08,0.51,6.000000000000001e-08,0.0,2026,4,2025-09-24,2026-04-13,2026-04-13,TA605,1,1,4150.0,1
CZCE,TA605C4200,TA605C4200,2,TAC,5,0.5,0.0,0.0,0.0,0.0,6.000000000000001e-08,0.51,6.000000000000001e-08,0.51,6.000000000000001e-08,0.0,2026,4,2025-09-23,2026-04-13,2026-04-13,TA605,1,1,4200.0,1
CZCE,TA605C4250,TA605C4250,2,TAC,5,0.5,0.0,0.0,0.0,0.0,6.000000000000001e-08,0.51,6.000000000000001e-08,0.51,6.000000000000001e-08,0.0,2026,4,2025-09-05,2026-04-13,2026-04-13,TA605,1,1,4250.0,1
CZCE,TA605C4300,TA605C4300,2,TAC,5,0.5,0.0,0.0,0.0,0.0,6.000000000000001e-08,0.51,6.000000000000001e-08,0.51,6.000000000000001e-08,0.0,2026,4,2025-08-06,2026-04-13,2026-04-13,TA605,1,1,4300.0,1
CZCE,TA605C4350,TA605C4350,2,TAC,5,0.5,0.0,0.0,0.0,0.0,6.000000000000001e-08,0.51,6.000000000000001e-08,0.51,6.000000000000001e-08,0.0,2026,4,2025-07-24,2026-04-13,2026-04-13,TA605,1,1,4350.0,1
CZCE,TA605C4400,TA605C4400,2,TAC,5,0.5,0.0,0.0,0.0,0.0,6.000000000000001e-08,0.51,6.000000000000001e-08,0.51,6.000000000000001e-08,0.0,2026,4,2025-07-24,2026-04-13,2026-04-13,TA605,1,1,4400.0,1
CZCE,TA605C4450,TA605C4450,2,TAC,5,0.5,0.0,0.0,0.0,0.0,6.000000000000001e-08,0.51,6.000000000000001e-08,0.51,6.000000000000001e-08,0.0,2026,4,2025-07-24,2026-04-13,2026-04-13,TA605,1,1,4450.0,1
CZCE,TA605C4500,TA605C4500,2,TAC,5,0.5,0.0,0.0,0.0,0.0,6.000000000000001e-08,0.51,6.000000000000001e-08,0.51,6.000000000000001e-08,0.0,2026,4,2025-07-24,2026-04-13,2026-04-13,TA605,1,1,4500.0,1
CZCE,TA605C4550,TA605C4550,2,TAC,5,0.5,0.0,0.0,0.0,0.0,6.000000000000001e-08,0.51,6.000000000000001e-08,0.51,6.000000000000001e-08,0.0,2026,4,2025-07-24,2026-04-13,2026-04-13,TA605,1,1,4550.0,1
CZCE,TA605C4600,TA605C4600,2,TAC,5,0.5,0.0,0.0,0.0,0.0,6.000000000000001e-08,0.51,6.000000000000001e-08,0.51,6.000000000000001e-08,0.0,2026,4,2025-07-24,2026-04-13,2026-04-13,TA605,1,1,4600.0,1
CZCE,TA605C4650,TA605C4650,2,TAC,5,0.5,0.0,0.0,0.0,0.0,6.000000000000001e-08,0.51,6.000000000000001e-08,0.51,6.000000000000001e-08,0.0,2026,4,2025-07-24,2026-04-13,2026-04-13,TA605,1,1,4650.0,1
CZCE,TA605C4700,TA605C4700,2,TAC,5,0.5,0.0,0.0,0.0,0.0,6.000000000000001e-08,0.51,6.000000000000001e-08,0.51,6.000000000000001e-08,0.0,2026,4,2025-07-24,2026-04-13,2026-04-13,TA605,1,1,4700.0,1
CZCE,TA605C4750,TA605C4750,2,TAC,5,0.5,0.0,0.0,0.0,0.0,6.000000000000001e-08,0.51,6.000000000000001e-08,0.51,6.000000000000001e-08,0.0,2026,4,2025-07-24,2026-04-13,2026-04-13,TA605,1,1,4750.0,1
CZCE,TA605C4800,TA605C4800,2,TAC,5,0.5,0.0,0.0,0.0,0.0,6.000000000000001e-08,0.51,6.000000000000001e-08,0.51,6.000000000000001e-08,0.0,2026,4,2025-07-24,2026-04-13,2026-04-13,TA605,1,1,4800.0,1
CZCE,TA605C4850,TA605C4850,2,TAC,5,0.5,0.0,0.0,0.0,0.0,6.000000000000001e-08,0.51,6.000000000000001e-08,0.51,6.000000000000001e-08,0.0,2026,4,2025-07-24,2026-04-13,2026-04-13,TA605,1,1,4850.0,1
CZCE,TA605C4900,TA605C4900,2,TAC,5,0.5,0.0,0.0,0.0,0.0,6.000000000000001e-08,0.51,6.000000000000001e-08,0.51,6.000000000000001e-08,0.0,2026,4,2025-07-24,2026-04-13,2026-04-13,TA605,1,1,4900.0,1
CZCE,TA605C4950,TA605C4950,2,TAC,5,0.5,0.0,0.0,0.0,0.0,6.000000000000001e-08,0.51,6.000000000000001e-08,0.51,6.000000000000001e-08,0.0,2026,4,2025-07-24,2026-04-13,2026-04-13,TA605,1,1,4950.0,1
CZCE,TA605C5000,TA605C5000,2,TAC,5,0.5,0.0,0.0,0.0,0.0,6.000000000000001e-08,0.51,6.000000000000001e-08,0.51,6.000000000000001e-08,0.0,2026,4,2025-07-24,2026-04-13,2026-04-13,TA605,1,1,5000.0,1
CZCE,TA605C5100,TA605C5100,2,TAC,5,0.5,0.0,0.0,0.0,0.0,6.000000000000001e-08,0.51,6.000000000000001e-08,0.51,6.000000000000001e-08,0.0,2026,4,2025-07-24,2026-04-13,2026-04-13,TA605,1,1,5100.0,1
CZCE,TA605C5200,TA605C5200,2,TAC,5,0.5,0.0,0.0,0.0,0.0,6.000000000000001e-08,0.51,6.000000000000001e-08,0.51,6.000000000000001e-08,0.0,2026,4,2025-07-24,2026-04-13,2026-04-13,TA605,1,1,5200.0,1
CZCE,TA605C5300,TA605C5300,2,TAC,5,0.5,0.0,0.0,0.0,0.0,6.000000000000001e-08,0.51,6.000000000000001e-08,0.51,6.000000000000001e-08,0.0,2026,4,2025-07-24,2026-04-13,2026-04-13,TA605,1,1,5300.0,1
CZCE,TA605C5400,TA605C5400,2,TAC,5,0.5,0.0,0.0,0.0,0.0,6.000000000000001e-08,0.51,6.000000000000001e-08,0.51,6.000000000000001e-08,0.0,2026,4,2025-07-28,2026-04-13,2026-04-13,TA605,1,1,5400.0,1
CZCE,TA605C5500,TA605C5500,2,TAC,5,0.5,0.0,0.0,0.0,0.0,6.000000000000001e-08,0.51,6.000000000000001e-08,0.51,6.000000000000001e-08,0.0,2026,4,2025-12-23,2026-04-13,2026-04-13,TA605,1,1,5500.0,1
CZCE,TA605C5600,TA605C5600,2,TAC,5,0.5,0.0,0.0,0.0,0.0,6.000000000000001e-08,0.51,6.000000000000001e-08,0.51,6.000000000000001e-08,0.0,2026,4,2025-12-25,2026-04-13,2026-04-13,TA605,1,1,5600.0,1
CZCE,TA605C5700,TA605C5700,2,TAC,5,0.5,0.0,0.0,0.0,0.0,6.000000000000001e-08,0.51,6.000000000000001e-08,0.51,6.000000000000001e-08,0.0,2026,4,2025-12-29,2026-04-13,2026-04-13,TA605,1,1,5700.0,1
CZCE,TA605C5800,TA605C5800,2,TAC,5,0.5,0.0,0.0,0.0,0.0,6.000000000000001e-08,0.51,6.000000000000001e-08,0.51,6.000000000000001e-08,0.0,2026,4,2025-12-29,2026-04-13,2026-04-13,TA605,1,1,5800.0,1
CZCE,TA605C5900,TA605C5900,2,TAC,5,0.5,0.0,0.0,0.0,0.0,6.000000000000001e-08,0.51,6.000000000000001e-08,0.51,6.000000000000001e-08,0.0,2026,4,2026-01-26,2026-04-13,2026-04-13,TA605,1,1,5900.0,1
CZCE,TA605C6000,TA605C6000,2,TAC,5,0.5,0.0,0.0,0.0,0.0,6.000000000000001e-08,0.51,6.000000000000001e-08,0.51,6.000000000000001e-08,0.0,2026,4,2026-01-27,2026-04-13,2026-04-13,TA605,1,1,6000.0,1
CZCE,TA605C6100,TA605C6100,2,TAC,5,0.5,0.0,0.0,0.0,0.0,6.000000000000001e-08,0.51,6.000000000000001e-08,0.51,6.000000000000001e-08,0.0,2026,4,2026-03-04,2026-04-13,2026-04-13,TA605,1,1,6100.0,1
CZCE,TA605C6200,TA605C6200,2,TAC,5,0.5,0.0,0.0,0.0,0.0,6.000000000000001e-08,0.51,6.000000000000001e-08,0.51,6.000000000000001e-08,0.0,2026,4,2026-03-04,2026-04-13,2026-04-13,TA605,1,1,6200.0,1
CZCE,TA605C6300,TA605C6300,2,TAC,5,0.5,0.0,0.0,0.0,0.0,6.000000000000001e-08,0.51,6.000000000000001e-08,0.51,6.000000000000001e-08,0.0,2026,4,2026-03-05,2026-04-13,2026-04-13,TA605,1,1,6300.0,1
CZCE,TA605C6400,TA605C6400,2,TAC,5,0.5,0.0,0.0,0.0,0.0,6.000000000000001e-08,0.51,6.000000000000001e-08,0.51,6.000000000000001e-08,0.0,2026,4,2026-03-06,2026-04-13,2026-04-13,TA605,1,1,6400.0,1
CZCE,TA605C6500,TA605C6500,2,TAC,5,0.5,0.0,0.0,0.0,0.0,6.000000000000001e-08,0.51,6.000000000000001e-08,0.51,6.000000000000001e-08,0.0,2026,4,2026-03-06,2026-04-13,2026-04-13,TA605,1,1,6500.0,1
CZCE,TA605C6600,TA605C6600,2,TAC,5,0.5,0.0,0.0,0.0,0.0,6.000000000000001e-08,0.51,6.000000000000001e-08,0.51,6.000000000000001e-08,0.0,2026,4,2026-03-09,2026-04-13,2026-04-13,TA605,1,1,6600.0,1
CZCE,TA605C6700,TA605C6700,2,TAC,5,0.5,0.0,0.0,0.0,0.0,6.000000000000001e-08,0.51,6.000000000000001e-08,0.51,6.000000000000001e-08,0.0,2026,4,2026-03-10,2026-04-13,2026-04-13,TA605,1,1,6700.0,1
CZCE,TA605C6800,TA605C6800,2,TAC,5,0.5,0.0,0.0,0.0,0.0,6.000000000000001e-08,0.51,6.000000000000001e-08,0.51,6.000000000000001e-08,0.0,2026,4,2026-03-10,2026-04-13,2026-04-13,TA605,1,1,6800.0,1
CZCE,TA605C6900,TA605C6900,2,TAC,5,0.5,0.0,0.0,0.0,0.0,6.000000000000001e-08,0.51,6.000000000000001e-08,0.51,6.000000000000001e-08,0.0,2026,4,2026-03-10,2026-04-13,2026-04-13,TA605,1,1,6900.0,1
CZCE,TA605C7000,TA605C7000,2,TAC,5,0.5,0.0,0.0,0.0,0.0,6.000000000000001e-08,0.51,6.000000000000001e-08,0.51,6.000000000000001e-08,0.0,2026,4,2026-03-10,2026-04-13,2026-04-13,TA605,1,1,7000.0,1
CZCE,TA605C7100,TA605C7100,2,TAC,5,0.5,0.0,0.0,0.0,0.0,6.000000000000001e-08,0.51,6.000000000000001e-08,0.51,6.000000000000001e-08,0.0,2026,4,2026-03-10,2026-04-13,2026-04-13,TA605,1,1,7100.0,1
CZCE,TA605C7200,TA605C7200,2,TAC,5,0.5,0.0,0.0,0.0,0.0,6.000000000000001e-08,0.51,6.000000000000001e-08,0.51,6.000000000000001e-08,0.0,2026,4,2026-03-10,2026-04-13,2026-04-13,TA605,1,1,7200.0,1
CZCE,TA605C7300,TA605C7300,2,TAC,5,0.5,0.0,0.0,0.0,0.0,6.000000000000001e-08,0.51,6.000000000000001e-08,0.51,6.000000000000001e-08,0.0,2026,4,2026-03-10,2026-04-13,2026-04-13,TA605,1,1,7300.0,1
CZCE,TA605C7400,TA605C7400,2,TAC,5,0.5,0.0,0.0,0.0,0.0,6.000000000000001e-08,0.51,6.000000000000001e-08,0.51,6.000000000000001e-08,0.0,2026,4,2026-03-11,2026-04-13,2026-04-13,TA605,1,1,7400.0,1
CZCE,TA605C7500,TA605C7500,2,TAC,5,0.5,0.0,0.0,0.0,0.0,6.000000000000001e-08,0.51,6.000000000000001e-08,0.51,6.000000000000001e-08,0.0,2026,4,2026-03-12,2026-04-13,2026-04-13,TA605,1,1,7500.0,1
CZCE,TA605C7600,TA605C7600,2,TAC,5,0.5,0.0,0.0,0.0,0.0,6.000000000000001e-08,0.51,6.000000000000001e-08,0.51,6.000000000000001e-08,0.0,2026,4,2026-03-12,2026-04-13,2026-04-13,TA605,1,1,7600.0,1
CZCE,TA605C7700,TA605C7700,2,TAC,5,0.5,0.0,0.0,0.0,0.0,6.000000000000001e-08,0.51,6.000000000000001e-08,0.51,6.000000000000001e-08,0.0,2026,4,2026-03-13,2026-04-13,2026-04-13,TA605,1,1,7700.0,1
CZCE,TA605C7800,TA605C7800,2,TAC,5,0.5,0.0,0.0,0.0,0.0,6.000000000000001e-08,0.51,6.000000000000001e-08,0.51,6.000000000000001e-08,0.0,2026,4,2026-03-13,2026-04-13,2026-04-13,TA605,1,1,7800.0,1
CZCE,TA605C7900,TA605C7900,2,TAC,5,0.5,0.0,0.0,0.0,0.0,6.000000000000001e-08,0.51,6.000000000000001e-08,0.51,6.000000000000001e-08,0.0,2026,4,2026-03-13,2026-04-13,2026-04-13,TA605,1,1,7900.0,1
CZCE,TA605C8000,TA605C8000,2,TAC,5,0.5,0.0,0.0,0.0,0.0,6.000000000000001e-08,0.51,6.000000000000001e-08,0.51,6.000000000000001e-08,0.0,2026,4,2026-03-13,2026-04-13,2026-04-13,TA605,1,1,8000.0,1
CZCE,TA605C8100,TA605C8100,2,TAC,5,0.5,0.0,0.0,0.0,0.0,6.000000000000001e-08,0.51,6.000000000000001e-08,0.51,6.000000000000001e-08,0.0,2026,4,2026-03-13,2026-04-13,2026-04-13,TA605,1,1,8100.0,1
CZCE,TA605C8200,TA605C8200,2,TAC,5,0.5,0.0,0.0,0.0,0.0,6.000000000000001e-08,0.51,6.000000000000001e-08,0.51,6.000000000000001e-08,0.0,2026,4,2026-03-13,2026-04-13,2026-04-13,TA605,1,1,8200.0,1
CZCE,TA605C8300,TA605C8300,2,TAC,5,0.5,0.0,0.0,0.0,0.0,6.000000000000001e-08,0.51,6.000000000000001e-08,0.51,6.000000000000001e-08,0.0,2026,4,2026-03-13,2026-04-13,2026-04-13,TA605,1,1,8300.0,1
CZCE,TA605C8400,TA605C8400,2,TAC,5,0.5,0.0,0.0,0.0,0.0,6.000000000000001e-08,0.51,6.000000000000001e-08,0.51,6.000000000000001e-08,0.0,2026,4,2026-03-13,2026-04-13,2026-04-13,TA605,1,1,8400.0,1
CZCE,TA605C8500,TA605C8500,2,TAC,5,0.5,0.0,0.0,0.0,0.0,6.000000000000001e-08,0.51,6.000000000000001e-08,0.51,6.000000000000001e-08,0.0,2026,4,2026-03-13,2026-04-13,2026-04-13,TA605,1,1,8500.0,1
CZCE,TA605P4050,TA605P4050,2,TAP,5,0.5,0.0,0.0,0.0,0.0,6.000000000000001e-08,0.51,6.000000000000001e-08,0.51,6.000000000000001e-08,0.0,2026,4,2025-10-09,2026-04-13,2026-04-13,TA605,1,2,4050.0,1
CZCE,TA605P4100,TA605P4100,2,TAP,5,0.5,0.0,0.0,0.0,0.0,6.000000000000001e-08,0.51,6.000000000000001e-08,0.51,6.000000000000001e-08,0.0,2026,4,2025-09-30,2026-04-13,2026-04-13,TA605,1,2,4100.0,1
CZCE,TA605P4150,TA605P4150,2,TAP,5,0.5,0.0,0.0,0.0,0.0,6.000000000000001e-08,0.51,6.000000000000001e-08,0.51,6.000000000000001e-08,0.0,2026,4,2025-09-24,2026-04-13,2026-04-13,TA605,1,2,4150.0,1
CZCE,TA605P4200,TA605P4200,2,TAP,5,0.5,0.0,0.0,0.0,0.0,6.000000000000001e-08,0.51,6.000000000000001e-08,0.51,6.000000000000001e-08,0.0,2026,4,2025-09-23,2026-04-13,2026-04-13,TA605,1,2,4200.0,1
CZCE,TA605P4250,TA605P4250,2,TAP,5,0.5,0.0,0.0,0.0,0.0,6.000000000000001e-08,0.51,6.000000000000001e-08,0.51,6.000000000000001e-08,0.0,2026,4,2025-09-05,2026-04-13,2026-04-13,TA605,1,2,4250.0,1
CZCE,TA605P4300,TA605P4300,2,TAP,5,0.5,0.0,0.0,0.0,0.0,6.000000000000001e-08,0.51,6.000000000000001e-08,0.51,6.000000000000001e-08,0.0,2026,4,2025-08-06,2026-04-13,2026-04-13,TA605,1,2,4300.0,1
CZCE,TA605P4350,TA605P4350,2,TAP,5,0.5,0.0,0.0,0.0,0.0,6.000000000000001e-08,0.51,6.000000000000001e-08,0.51,6.000000000000001e-08,0.0,2026,4,2025-07-24,2026-04-13,2026-04-13,TA605,1,2,4350.0,1
CZCE,TA605P4400,TA605P4400,2,TAP,5,0.5,0.0,0.0,0.0,0.0,6.000000000000001e-08,0.51,6.000000000000001e-08,0.51,6.000000000000001e-08,0.0,2026,4,2025-07-24,2026-04-13,2026-04-13,TA605,1,2,4400.0,1
CZCE,TA605P4450,TA605P4450,2,TAP,5,0.5,0.0,0.0,0.0,0.0,6.000000000000001e-08,0.51,6.000000000000001e-08,0.51,6.000000000000001e-08,0.0,2026,4,2025-07-24,2026-04-13,2026-04-13,TA605,1,2,4450.0,1
CZCE,TA605P4500,TA605P4500,2,TAP,5,0.5,0.0,0.0,0.0,0.0,6.000000000000001e-08,0.51,6.000000000000001e-08,0.51,6.000000000000001e-08,0.0,2026,4,2025-07-24,2026-04-13,2026-04-13,TA605,1,2,4500.0,1
CZCE,TA605P4550,TA605P4550,2,TAP,5,0.5,0.0,0.0,0.0,0.0,6.000000000000001e-08,0.51,6.000000000000001e-08,0.51,6.000000000000001e-08,0.0,2026,4,2025-07-24,2026-04-13,2026-04-13,TA605,1,2,4550.0,1
CZCE,TA605P4600,TA605P4600,2,TAP,5,0.5,0.0,0.0,0.0,0.0,6.000000000000001e-08,0.51,6.000000000000001e-08,0.51,6.000000000000001e-08,0.0,2026,4,2025-07-24,2026-04-13,2026-04-13,TA605,1,2,4600.0,1
CZCE,TA605P4650,TA605P4650,2,TAP,5,0.5,0.0,0.0,0.0,0.0,6.000000000000001e-08,0.51,6.000000000000001e-08,0.51,6.000000000000001e-08,0.0,2026,4,2025-07-24,2026-04-13,2026-04-13,TA605,1,2,4650.0,1
CZCE,TA605P4700,TA605P4700,2,TAP,5,0.5,0.0,0.0,0.0,0.0,6.000000000000001e-08,0.51,6.000000000000001e-08,0.51,6.000000000000001e-08,0.0,2026,4,2025-07-24,2026-04-13,2026-04-13,TA605,1,2,4700.0,1
CZCE,TA605P4750,TA605P4750,2,TAP,5,0.5,0.0,0.0,0.0,0.0,6.000000000000001e-08,0.51,6.000000000000001e-08,0.51,6.000000000000001e-08,0.0,2026,4,2025-07-24,2026-04-13,2026-04-13,TA605,1,2,4750.0,1
CZCE,TA605P4800,TA605P4800,2,TAP,5,0.5,0.0,0.0,0.0,0.0,6.000000000000001e-08,0.51,6.000000000000001e-08,0.51,6.000000000000001e-08,0.0,2026,4,2025-07-24,2026-04-13,2026-04-13,TA605,1,2,4800.0,1
CZCE,TA605P4850,TA605P4850,2,TAP,5,0.5,0.0,0.0,0.0,0.0,6.000000000000001e-08,0.51,6.000000000000001e-08,0.51,6.000000000000001e-08,0.0,2026,4,2025-07-24,2026-04-13,2026-04-13,TA605,1,2,4850.0,1
CZCE,TA605P4900,TA605P4900,2,TAP,5,0.5,0.0,0.0,0.0,0.0,6.000000000000001e-08,0.51,6.000000000000001e-08,0.51,6.000000000000001e-08,0.0,2026,4,2025-07-24,2026-04-13,2026-04-13,TA605,1,2,4900.0,1
CZCE,TA605P4950,TA605P4950,2,TAP,5,0.5,0.0,0.0,0.0,0.0,6.000000000000001e-08,0.51,6.000000000000001e-08,0.51,6.000000000000001e-08,0.0,2026,4,2025-07-24,2026-04-13,2026-04-13,TA605,1,2,4950.0,1
CZCE,TA605P5000,TA605P5000,2,TAP,5,0.5,0.0,0.0,0.0,0.0,6.000000000000001e-08,0.51,6.000000000000001e-08,0.51,6.000000000000001e-08,0.0,2026,4,2025-07-24,2026-04-13,2026-04-13,TA605,1,2,5000.0,1
CZCE,TA605P5100,TA605P5100,2,TAP,5,0.5,0.0,0.0,0.0,0.0,6.000000000000001e-08,0.51,6.000000000000001e-08,0.51,6.000000000000001e-08,0.0,2026,4,2025-07-24,2026-04-13,2026-04-13,TA605,1,2,5100.0,1
CZCE,TA605P5200,TA605P5200,2,TAP,5,0.5,0.0,0.0,0.0,0.0,6.000000000000001e-08,0.51,6.000000000000001e-08,0.51,6.000000000000001e-08,0.0,2026,4,2025-07-24,2026-04-13,2026-04-13,TA605,1,2,5200.0,1
CZCE,TA605P5300,TA605P5300,2,TAP,5,0.5,0.0,0.0,0.0,0.0,6.000000000000001e-08,0.51,6.000000000000001e-08,0.51,6.000000000000001e-08,0.0,2026,4,2025-07-24,2026-04-13,2026-04-13,TA605,1,2,5300.0,1
CZCE,TA605P5400,TA605P5400,2,TAP,5,0.5,0.0,0.0,0.0,0.0,6.000000000000001e-08,0.51,6.000000000000001e-08,0.51,6.000000000000001e-08,0.0,2026,4,2025-07-28,2026-04-13,2026-04-13,TA605,1,2,5400.0,1
CZCE,TA605P5500,TA605P5500,2,TAP,5,0.5,0.0,0.0,0.0,0.0,6.000000000000001e-08,0.51,6.000000000000001e-08,0.51,6.000000000000001e-08,0.0,2026,4,2025-12-23,2026-04-13,2026-04-13,TA605,1,2,5500.0,1
CZCE,TA605P5600,TA605P5600,2,TAP,5,0.5,0.0,0.0,0.0,0.0,6.000000000000001e-08,0.51,6.000000000000001e-08,0.51,6.000000000000001e-08,0.0,2026,4,2025-12-25,2026-04-13,2026-04-13,TA605,1,2,5600.0,1
CZCE,TA605P5700,TA605P5700,2,TAP,5,0.5,0.0,0.0,0.0,0.0,6.000000000000001e-08,0.51,6.000000000000001e-08,0.51,6.000000000000001e-08,0.0,2026,4,2025-12-29,2026-04-13,2026-04-13,TA605,1,2,5700.0,1
CZCE,TA605P5800,TA605P5800,2,TAP,5,0.5,0.0,0.0,0.0,0.0,6.000000000000001e-08,0.51,6.000000000000001e-08,0.51,6.000000000000001e-08,0.0,2026,4,2025-12-29,2026-04-13,2026-04-13,TA605,1,2,5800.0,1
CZCE,TA605P5900,TA605P5900,2,TAP,5,0.5,0.0,0.0,0.0,0.0,6.000000000000001e-08,0.51,6.000000000000001e-08,0.51,6.000000000000001e-08,0.0,2026,4,2026-01-26,2026-04-13,2026-04-13,TA605,1,2,5900.0,1
CZCE,TA605P6000,TA605P6000,2,TAP,5,0.5,0.0,0.0,0.0,0.0,6.000000000000001e-08,0.51,6.000000000000001e-08,0.51,6.000000000000001e-08,0.0,2026,4,2026-01-27,2026-04-13,2026-04-13,TA605,1,2,6000.0,1
CZCE,TA605P6100,TA605P6100,2,TAP,5,0.5,0.0,0.0,0.0,0.0,6.000000000000001e-08,0.51,6.000000000000001e-08,0.51,6.000000000000001e-08,0.0,2026,4,2026-03-04,2026-04-13,2026-04-13,TA605,1,2,6100.0,1
CZCE,TA605P6200,TA605P6200,2,TAP,5,0.5,0.0,0.0,0.0,0.0,6.000000000000001e-08,0.51,6.000000000000001e-08,0.51,6.000000000000001e-08,0.0,2026,4,2026-03-04,2026-04-13,2026-04-13,TA605,1,2,6200.0,1
CZCE,TA605P6300,TA605P6300,2,TAP,5,0.5,0.0,0.0,0.0,0.0,6.000000000000001e-08,0.51,6.000000000000001e-08,0.51,6.000000000000001e-08,0.0,2026,4,2026-03-05,2026-04-13,2026-04-13,TA605,1,2,6300.0,1
CZCE,TA605P6400,TA605P6400,2,TAP,5,0.5,0.0,0.0,0.0,0.0,6.000000000000001e-08,0.51,6.000000000000001e-08,0.51,6.000000000000001e-08,0.0,2026,4,2026-03-06,2026-04-13,2026-04-13,TA605,1,2,6400.0,1
CZCE,TA605P6500,TA605P6500,2,TAP,5,0.5,0.0,0.0,0.0,0.0,6.000000000000001e-08,0.51,6.000000000000001e-08,0.51,6.000000000000001e-08,0.0,2026,4,2026-03-06,2026-04-13,2026-04-13,TA605,1,2,6500.0,1
CZCE,TA605P6600,TA605P6600,2,TAP,5,0.5,0.0,0.0,0.0,0.0,6.000000000000001e-08,0.51,6.000000000000001e-08,0.51,6.000000000000001e-08,0.0,2026,4,2026-03-09,2026-04-13,2026-04-13,TA605,1,2,6600.0,1
CZCE,TA605P6700,TA605P6700,2,TAP,5,0.5,0.0,0.0,0.0,0.0,6.000000000000001e-08,0.51,6.000000000000001e-08,0.51,6.000000000000001e-08,0.0,2026,4,2026-03-10,2026-04-13,2026-04-13,TA605,1,2,6700.0,1
CZCE,TA605P6800,TA605P6800,2,TAP,5,0.5,0.0,0.0,0.0,0.0,6.000000000000001e-08,0.51,6.000000000000001e-08,0.51,6.000000000000001e-08,0.0,2026,4,2026-03-10,2026-04-13,2026-04-13,TA605,1,2,6800.0,1
CZCE,TA605P6900,TA605P6900,2,TAP,5,0.5,0.0,0.0,0.0,0.0,6.000000000000001e-08,0.51,6.000000000000001e-08,0.51,6.000000000000001e-08,0.0,2026,4,2026-03-10,2026-04-13,2026-04-13,TA605,1,2,6900.0,1
CZCE,TA605P7000,TA605P7000,2,TAP,5,0.5,0.0,0.0,0.0,0.0,6.000000000000001e-08,0.51,6.000000000000001e-08,0.51,6.000000000000001e-08,0.0,2026,4,2026-03-10,2026-04-13,2026-04-13,TA605,1,2,7000.0,1
CZCE,TA605P7100,TA605P7100,2,TAP,5,0.5,0.0,0.0,0.0,0.0,6.000000000000001e-08,0.51,6.000000000000001e-08,0.51,6.000000000000001e-08,0.0,2026,4,2026-03-10,2026-04-13,2026-04-13,TA605,1,2,7100.0,1
CZCE,TA605P7200,TA605P7200,2,TAP,5,0.5,0.0,0.0,0.0,0.0,6.000000000000001e-08,0.51,6.000000000000001e-08,0.51,6.000000000000001e-08,0.0,2026,4,2026-03-10,2026-04-13,2026-04-13,TA605,1,2,7200.0,1
CZCE,TA605P7300,TA605P7300,2,TAP,5,0.5,0.0,0.0,0.0,0.0,6.000000000000001e-08,0.51,6.000000000000001e-08,0.51,6.000000000000001e-08,0.0,2026,4,2026-03-10,2026-04-13,2026-04-13,TA605,1,2,7300.0,1
CZCE,TA605P7400,TA605P7400,2,TAP,5,0.5,0.0,0.0,0.0,0.0,6.000000000000001e-08,0.51,6.000000000000001e-08,0.51,6.000000000000001e-08,0.0,2026,4,2026-03-11,2026-04-13,2026-04-13,TA605,1,2,7400.0,1
CZCE,TA605P7500,TA605P7500,2,TAP,5,0.5,0.0,0.0,0.0,0.0,6.000000000000001e-08,0.51,6.000000000000001e-08,0.51,6.000000000000001e-08,0.0,2026,4,2026-03-12,2026-04-13,2026-04-13,TA605,1,2,7500.0,1
CZCE,TA605P7600,TA605P7600,2,TAP,5,0.5,0.0,0.0,0.0,0.0,6.000000000000001e-08,0.51,6.000000000000001e-08,0.51,6.000000000000001e-08,0.0,2026,4,2026-03-12,2026-04-13,2026-04-13,TA605,1,2,7600.0,1
CZCE,TA605P7700,TA605P7700,2,TAP,5,0.5,0.0,0.0,0.0,0.0,6.000000000000001e-08,0.51,6.000000000000001e-08,0.51,6.000000000000001e-08,0.0,2026,4,2026-03-13,2026-04-13,2026-04-13,TA605,1,2,7700.0,1
CZCE,TA605P7800,TA605P7800,2,TAP,5,0.5,0.0,0.0,0.0,0.0,6.000000000000001e-08,0.51,6.000000000000001e-08,0.51,6.000000000000001e-08,0.0,2026,4,2026-03-13,2026-04-13,2026-04-13,TA605,1,2,7800.0,1
CZCE,TA605P7900,TA605P7900,2,TAP,5,0.5,0.0,0.0,0.0,0.0,6.000000000000001e-08,0.51,6.000000000000001e-08,0.51,6.000000000000001e-08,0.0,2026,4,2026-03-13,2026-04-13,2026-04-13,TA605,1,2,7900.0,1
CZCE,TA605P8000,TA605P8000,2,TAP,5,0.5,0.0,0.0,0.0,0.0,6.000000000000001e-08,0.51,6.000000000000001e-08,0.51,6.000000000000001e-08,0.0,2026,4,2026-03-13,2026-04-13,2026-04-13,TA605,1,2,8000.0,1
CZCE,TA605P8100,TA605P8100,2,TAP,5,0.5,0.0,0.0,0.0,0.0,6.000000000000001e-08,0.51,6.000000000000001e-08,0.51,6.000000000000001e-08,0.0,2026,4,2026-03-13,2026-04-13,2026-04-13,TA605,1,2,8100.0,1
CZCE,TA605P8200,TA605P8200,2,TAP,5,0.5,0.0,0.0,0.0,0.0,6.000000000000001e-08,0.51,6.000000000000001e-08,0.51,6.000000000000001e-08,0.0,2026,4,2026-03-13,2026-04-13,2026-04-13,TA605,1,2,8200.0,1
CZCE,TA605P8300,TA605P8300,2,TAP,5,0.5,0.0,0.0,0.0,0.0,6.000000000000001e-08,0.51,6.000000000000001e-08,0.51,6.000000000000001e-08,0.0,2026,4,2026-03-13,2026-04-13,2026-04-13,TA605,1,2,8300.0,1
CZCE,TA605P8400,TA605P8400,2,TAP,5,0.5,0.0,0.0,0.0,0.0,6.000000000000001e-08,0.51,6.000000000000001e-08,0.51,6.000000000000001e-08,0.0,2026,4,2026-03-13,2026-04-13,2026-04-13,TA605,1,2,8400.0,1
CZCE,TA605P8500,TA605P8500,2,TAP,5,0.5,0.0,0.0,0.0,0.0,6.000000000000001e-08,0.51,6.000000000000001e-08,0.51,6.000000000000001e-08,0.0,2026,4,2026-03-13,2026-04-13,2026-04-13,TA605,1,2,8500.0,1
CZCE,TA606C4450,TA606C4450,2,TAC,5,0.5,0.0,0.0,0.0,0.0,6.000000000000001e-08,0.51,6.000000000000001e-08,0.51,6.000000000000001e-08,0.0,2026,5,2026-02-10,2026-05-13,2026-05-13,TA606,1,1,4450.0,1
CZCE,TA606C4500,TA606C4500,2,TAC,5,0.5,0.0,0.0,0.0,0.0,6.000000000000001e-08,0.51,6.000000000000001e-08,0.51,6.000000000000001e-08,0.0,2026,5,2026-02-10,2026-05-13,2026-05-13,TA606,1,1,4500.0,1
CZCE,TA606C4550,TA606C4550,2,TAC,5,0.5,0.0,0.0,0.0,0.0,6.000000000000001e-08,0.51,6.000000000000001e-08,0.51,6.000000000000001e-08,0.0,2026,5,2026-01-19,2026-05-13,2026-05-13,TA606,1,1,4550.0,1
CZCE,TA606C4600,TA606C4600,2,TAC,5,0.5,0.0,0.0,0.0,0.0,6.000000000000001e-08,0.51,6.000000000000001e-08,0.51,6.000000000000001e-08,0.0,2026,5,2026-01-12,2026-05-13,2026-05-13,TA606,1,1,4600.0,1
CZCE,TA606C4650,TA606C4650,2,TAC,5,0.5,0.0,0.0,0.0,0.0,6.000000000000001e-08,0.51,6.000000000000001e-08,0.51,6.000000000000001e-08,0.0,2026,5,2026-01-08,2026-05-13,2026-05-13,TA606,1,1,4650.0,1
CZCE,TA606C4700,TA606C4700,2,TAC,5,0.5,0.0,0.0,0.0,0.0,6.000000000000001e-08,0.51,6.000000000000001e-08,0.51,6.000000000000001e-08,0.0,2026,5,2026-01-08,2026-05-13,2026-05-13,TA606,1,1,4700.0,1
CZCE,TA606C4750,TA606C4750,2,TAC,5,0.5,0.0,0.0,0.0,0.0,6.000000000000001e-08,0.51,6.000000000000001e-08,0.51,6.000000000000001e-08,0.0,2026,5,2026-01-08,2026-05-13,2026-05-13,TA606,1,1,4750.0,1
CZCE,TA606C4800,TA606C4800,2,TAC,5,0.5,0.0,0.0,0.0,0.0,6.000000000000001e-08,0.51,6.000000000000001e-08,0.51,6.000000000000001e-08,0.0,2026,5,2026-01-08,2026-05-13,2026-05-13,TA606,1,1,4800.0,1
CZCE,TA606C4850,TA606C4850,2,TAC,5,0.5,0.0,0.0,0.0,0.0,6.000000000000001e-08,0.51,6.000000000000001e-08,0.51,6.000000000000001e-08,0.0,2026,5,2026-01-08,2026-05-13,2026-05-13,TA606,1,1,4850.0,1
CZCE,TA606C4900,TA606C4900,2,TAC,5,0.5,0.0,0.0,0.0,0.0,6.000000000000001e-08,0.51,6.000000000000001e-08,0.51,6.000000000000001e-08,0.0,2026,5,2026-01-08,2026-05-13,2026-05-13,TA606,1,1,4900.0,1
CZCE,TA606C4950,TA606C4950,2,TAC,5,0.5,0.0,0.0,0.0,0.0,6.000000000000001e-08,0.51,6.000000000000001e-08,0.51,6.000000000000001e-08,0.0,2026,5,2026-01-08,2026-05-13,2026-05-13,TA606,1,1,4950.0,1
CZCE,TA606C5000,TA606C5000,2,TAC,5,0.5,0.0,0.0,0.0,0.0,6.000000000000001e-08,0.51,6.000000000000001e-08,0.51,6.000000000000001e-08,0.0,2026,5,2026-01-08,2026-05-13,2026-05-13,TA606,1,1,5000.0,1
CZCE,TA606C5100,TA606C5100,2,TAC,5,0.5,0.0,0.0,0.0,0.0,6.000000000000001e-08,0.51,6.000000000000001e-08,0.51,6.000000000000001e-08,0.0,2026,5,2026-01-08,2026-05-13,2026-05-13,TA606,1,1,5100.0,1
CZCE,TA606C5200,TA606C5200,2,TAC,5,0.5,0.0,0.0,0.0,0.0,6.000000000000001e-08,0.51,6.000000000000001e-08,0.51,6.000000000000001e-08,0.0,2026,5,2026-01-08,2026-05-13,2026-05-13,TA606,1,1,5200.0,1
CZCE,TA606C5300,TA606C5300,2,TAC,5,0.5,0.0,0.0,0.0,0.0,6.000000000000001e-08,0.51,6.000000000000001e-08,0.51,6.000000000000001e-08,0.0,2026,5,2026-01-08,2026-05-13,2026-05-13,TA606,1,1,5300.0,1
CZCE,TA606C5400,TA606C5400,2,TAC,5,0.5,0.0,0.0,0.0,0.0,6.000000000000001e-08,0.51,6.000000000000001e-08,0.51,6.000000000000001e-08,0.0,2026,5,2026-01-08,2026-05-13,2026-05-13,TA606,1,1,5400.0,1
CZCE,TA606C5500,TA606C5500,2,TAC,5,0.5,0.0,0.0,0.0,0.0,6.000000000000001e-08,0.51,6.000000000000001e-08,0.51,6.000000000000001e-08,0.0,2026,5,2026-01-08,2026-05-13,2026-05-13,TA606,1,1,5500.0,1
CZCE,TA606C5600,TA606C5600,2,TAC,5,0.5,0.0,0.0,0.0,0.0,6.000000000000001e-08,0.51,6.000000000000001e-08,0.51,6.000000000000001e-08,0.0,2026,5,2026-01-08,2026-05-13,2026-05-13,TA606,1,1,5600.0,1
CZCE,TA606C5700,TA606C5700,2,TAC,5,0.5,0.0,0.0,0.0,0.0,6.000000000000001e-08,0.51,6.000000000000001e-08,0.51,6.000000000000001e-08,0.0,2026,5,2026-01-22,2026-05-13,2026-05-13,TA606,1,1,5700.0,1
CZCE,TA606C5800,TA606C5800,2,TAC,5,0.5,0.0,0.0,0.0,0.0,6.000000000000001e-08,0.51,6.000000000000001e-08,0.51,6.000000000000001e-08,0.0,2026,5,2026-01-26,2026-05-13,2026-05-13,TA606,1,1,5800.0,1
CZCE,TA606C5900,TA606C5900,2,TAC,5,0.5,0.0,0.0,0.0,0.0,6.000000000000001e-08,0.51,6.000000000000001e-08,0.51,6.000000000000001e-08,0.0,2026,5,2026-01-26,2026-05-13,2026-05-13,TA606,1,1,5900.0,1
CZCE,TA606C6000,TA606C6000,2,TAC,5,0.5,0.0,0.0,0.0,0.0,6.000000000000001e-08,0.51,6.000000000000001e-08,0.51,6.000000000000001e-08,0.0,2026,5,2026-01-27,2026-05-13,2026-05-13,TA606,1,1,6000.0,1
CZCE,TA606C6100,TA606C6100,2,TAC,5,0.5,0.0,0.0,0.0,0.0,6.000000000000001e-08,0.51,6.000000000000001e-08,0.51,6.000000000000001e-08,0.0,2026,5,2026-03-04,2026-05-13,2026-05-13,TA606,1,1,6100.0,1
CZCE,TA606C6200,TA606C6200,2,TAC,5,0.5,0.0,0.0,0.0,0.0,6.000000000000001e-08,0.51,6.000000000000001e-08,0.51,6.000000000000001e-08,0.0,2026,5,2026-03-05,2026-05-13,2026-05-13,TA606,1,1,6200.0,1
CZCE,TA606C6300,TA606C6300,2,TAC,5,0.5,0.0,0.0,0.0,0.0,6.000000000000001e-08,0.51,6.000000000000001e-08,0.51,6.000000000000001e-08,0.0,2026,5,2026-03-06,2026-05-13,2026-05-13,TA606,1,1,6300.0,1
CZCE,TA606C6400,TA606C6400,2,TAC,5,0.5,0.0,0.0,0.0,0.0,6.000000000000001e-08,0.51,6.000000000000001e-08,0.51,6.000000000000001e-08,0.0,2026,5,2026-03-09,2026-05-13,2026-05-13,TA606,1,1,6400.0,1
CZCE,TA606C6500,TA606C6500,2,TAC,5,0.5,0.0,0.0,0.0,0.0,6.000000000000001e-08,0.51,6.000000000000001e-08,0.51,6.000000000000001e-08,0.0,2026,5,2026-03-10,2026-05-13,2026-05-13,TA606,1,1,6500.0,1
CZCE,TA606C6600,TA606C6600,2,TAC,5,0.5,0.0,0.0,0.0,0.0,6.000000000000001e-08,0.51,6.000000000000001e-08,0.51,6.000000000000001e-08,0.0,2026,5,2026-03-10,2026-05-13,2026-05-13,TA606,1,1,6600.0,1
CZCE,TA606C6700,TA606C6700,2,TAC,5,0.5,0.0,0.0,0.0,0.0,6.000000000000001e-08,0.51,6.000000000000001e-08,0.51,6.000000000000001e-08,0.0,2026,5,2026-03-10,2026-05-13,2026-05-13,TA606,1,1,6700.0,1
CZCE,TA606C6800,TA606C6800,2,TAC,5,0.5,0.0,0.0,0.0,0.0,6.000000000000001e-08,0.51,6.000000000000001e-08,0.51,6.000000000000001e-08,0.0,2026,5,2026-03-10,2026-05-13,2026-05-13,TA606,1,1,6800.0,1
CZCE,TA606C6900,TA606C6900,2,TAC,5,0.5,0.0,0.0,0.0,0.0,6.000000000000001e-08,0.51,6.000000000000001e-08,0.51,6.000000000000001e-08,0.0,2026,5,2026-03-10,2026-05-13,2026-05-13,TA606,1,1,6900.0,1
CZCE,TA606C7000,TA606C7000,2,TAC,5,0.5,0.0,0.0,0.0,0.0,6.000000000000001e-08,0.51,6.000000000000001e-08,0.51,6.000000000000001e-08,0.0,2026,5,2026-03-10,2026-05-13,2026-05-13,TA606,1,1,7000.0,1
CZCE,TA606C7100,TA606C7100,2,TAC,5,0.5,0.0,0.0,0.0,0.0,6.000000000000001e-08,0.51,6.000000000000001e-08,0.51,6.000000000000001e-08,0.0,2026,5,2026-03-10,2026-05-13,2026-05-13,TA606,1,1,7100.0,1
CZCE,TA606C7200,TA606C7200,2,TAC,5,0.5,0.0,0.0,0.0,0.0,6.000000000000001e-08,0.51,6.000000000000001e-08,0.51,6.000000000000001e-08,0.0,2026,5,2026-03-12,2026-05-13,2026-05-13,TA606,1,1,7200.0,1
CZCE,TA606C7300,TA606C7300,2,TAC,5,0.5,0.0,0.0,0.0,0.0,6.000000000000001e-08,0.51,6.000000000000001e-08,0.51,6.000000000000001e-08,0.0,2026,5,2026-03-12,2026-05-13,2026-05-13,TA606,1,1,7300.0,1
CZCE,TA606C7400,TA606C7400,2,TAC,5,0.5,0.0,0.0,0.0,0.0,6.000000000000001e-08,0.51,6.000000000000001e-08,0.51,6.000000000000001e-08,0.0,2026,5,2026-03-13,2026-05-13,2026-05-13,TA606,1,1,7400.0,1
CZCE,TA606C7500,TA606C7500,2,TAC,5,0.5,0.0,0.0,0.0,0.0,6.000000000000001e-08,0.51,6.000000000000001e-08,0.51,6.000000000000001e-08,0.0,2026,5,2026-03-13,2026-05-13,2026-05-13,TA606,1,1,7500.0,1
CZCE,TA606C7600,TA606C7600,2,TAC,5,0.5,0.0,0.0,0.0,0.0,6.000000000000001e-08,0.51,6.000000000000001e-08,0.51,6.000000000000001e-08,0.0,2026,5,2026-03-13,2026-05-13,2026-05-13,TA606,1,1,7600.0,1
CZCE,TA606C7700,TA606C7700,2,TAC,5,0.5,0.0,0.0,0.0,0.0,6.000000000000001e-08,0.51,6.000000000000001e-08,0.51,6.000000000000001e-08,0.0,2026,5,2026-03-13,2026-05-13,2026-05-13,TA606,1,1,7700.0,1
CZCE,TA606C7800,TA606C7800,2,TAC,5,0.5,0.0,0.0,0.0,0.0,6.000000000000001e-08,0.51,6.000000000000001e-08,0.51,6.000000000000001e-08,0.0,2026,5,2026-03-13,2026-05-13,2026-05-13,TA606,1,1,7800.0,1
CZCE,TA606C7900,TA606C7900,2,TAC,5,0.5,0.0,0.0,0.0,0.0,6.000000000000001e-08,0.51,6.000000000000001e-08,0.51,6.000000000000001e-08,0.0,2026,5,2026-03-13,2026-05-13,2026-05-13,TA606,1,1,7900.0,1
CZCE,TA606C8000,TA606C8000,2,TAC,5,0.5,0.0,0.0,0.0,0.0,6.000000000000001e-08,0.51,6.000000000000001e-08,0.51,6.000000000000001e-08,0.0,2026,5,2026-03-13,2026-05-13,2026-05-13,TA606,1,1,8000.0,1
CZCE,TA606C8100,TA606C8100,2,TAC,5,0.5,0.0,0.0,0.0,0.0,6.000000000000001e-08,0.51,6.000000000000001e-08,0.51,6.000000000000001e-08,0.0,2026,5,2026-03-17,2026-05-13,2026-05-13,TA606,1,1,8100.0,1
CZCE,TA606C8200,TA606C8200,2,TAC,5,0.5,0.0,0.0,0.0,0.0,6.000000000000001e-08,0.51,6.000000000000001e-08,0.51,6.000000000000001e-08,0.0,2026,5,2026-03-24,2026-05-13,2026-05-13,TA606,1,1,8200.0,1
CZCE,TA606P4450,TA606P4450,2,TAP,5,0.5,0.0,0.0,0.0,0.0,6.000000000000001e-08,0.51,6.000000000000001e-08,0.51,6.000000000000001e-08,0.0,2026,5,2026-02-10,2026-05-13,2026-05-13,TA606,1,2,4450.0,1
CZCE,TA606P4500,TA606P4500,2,TAP,5,0.5,0.0,0.0,0.0,0.0,6.000000000000001e-08,0.51,6.000000000000001e-08,0.51,6.000000000000001e-08,0.0,2026,5,2026-02-10,2026-05-13,2026-05-13,TA606,1,2,4500.0,1
CZCE,TA606P4550,TA606P4550,2,TAP,5,0.5,0.0,0.0,0.0,0.0,6.000000000000001e-08,0.51,6.000000000000001e-08,0.51,6.000000000000001e-08,0.0,2026,5,2026-01-19,2026-05-13,2026-05-13,TA606,1,2,4550.0,1
CZCE,TA606P4600,TA606P4600,2,TAP,5,0.5,0.0,0.0,0.0,0.0,6.000000000000001e-08,0.51,6.000000000000001e-08,0.51,6.000000000000001e-08,0.0,2026,5,2026-01-12,2026-05-13,2026-05-13,TA606,1,2,4600.0,1
CZCE,TA606P4650,TA606P4650,2,TAP,5,0.5,0.0,0.0,0.0,0.0,6.000000000000001e-08,0.51,6.000000000000001e-08,0.51,6.000000000000001e-08,0.0,2026,5,2026-01-08,2026-05-13,2026-05-13,TA606,1,2,4650.0,1
CZCE,TA606P4700,TA606P4700,2,TAP,5,0.5,0.0,0.0,0.0,0.0,6.000000000000001e-08,0.51,6.000000000000001e-08,0.51,6.000000000000001e-08,0.0,2026,5,2026-01-08,2026-05-13,2026-05-13,TA606,1,2,4700.0,1
CZCE,TA606P4750,TA606P4750,2,TAP,5,0.5,0.0,0.0,0.0,0.0,6.000000000000001e-08,0.51,6.000000000000001e-08,0.51,6.000000000000001e-08,0.0,2026,5,2026-01-08,2026-05-13,2026-05-13,TA606,1,2,4750.0,1
CZCE,TA606P4800,TA606P4800,2,TAP,5,0.5,0.0,0.0,0.0,0.0,6.000000000000001e-08,0.51,6.000000000000001e-08,0.51,6.000000000000001e-08,0.0,2026,5,2026-01-08,2026-05-13,2026-05-13,TA606,1,2,4800.0,1
CZCE,TA606P4850,TA606P4850,2,TAP,5,0.5,0.0,0.0,0.0,0.0,6.000000000000001e-08,0.51,6.000000000000001e-08,0.51,6.000000000000001e-08,0.0,2026,5,2026-01-08,2026-05-13,2026-05-13,TA606,1,2,4850.0,1
CZCE,TA606P4900,TA606P4900,2,TAP,5,0.5,0.0,0.0,0.0,0.0,6.000000000000001e-08,0.51,6.000000000000001e-08,0.51,6.000000000000001e-08,0.0,2026,5,2026-01-08,2026-05-13,2026-05-13,TA606,1,2,4900.0,1
CZCE,TA606P4950,TA606P4950,2,TAP,5,0.5,0.0,0.0,0.0,0.0,6.000000000000001e-08,0.51,6.000000000000001e-08,0.51,6.000000000000001e-08,0.0,2026,5,2026-01-08,2026-05-13,2026-05-13,TA606,1,2,4950.0,1
CZCE,TA606P5000,TA606P5000,2,TAP,5,0.5,0.0,0.0,0.0,0.0,6.000000000000001e-08,0.51,6.000000000000001e-08,0.51,6.000000000000001e-08,0.0,2026,5,2026-01-08,2026-05-13,2026-05-13,TA606,1,2,5000.0,1
CZCE,TA606P5100,TA606P5100,2,TAP,5,0.5,0.0,0.0,0.0,0.0,6.000000000000001e-08,0.51,6.000000000000001e-08,0.51,6.000000000000001e-08,0.0,2026,5,2026-01-08,2026-05-13,2026-05-13,TA606,1,2,5100.0,1
CZCE,TA606P5200,TA606P5200,2,TAP,5,0.5,0.0,0.0,0.0,0.0,6.000000000000001e-08,0.51,6.000000000000001e-08,0.51,6.000000000000001e-08,0.0,2026,5,2026-01-08,2026-05-13,2026-05-13,TA606,1,2,5200.0,1
CZCE,TA606P5300,TA606P5300,2,TAP,5,0.5,0.0,0.0,0.0,0.0,6.000000000000001e-08,0.51,6.000000000000001e-08,0.51,6.000000000000001e-08,0.0,2026,5,2026-01-08,2026-05-13,2026-05-13,TA606,1,2,5300.0,1
CZCE,TA606P5400,TA606P5400,2,TAP,5,0.5,0.0,0.0,0.0,0.0,6.000000000000001e-08,0.51,6.000000000000001e-08,0.51,6.000000000000001e-08,0.0,2026,5,2026-01-08,2026-05-13,2026-05-13,TA606,1,2,5400.0,1
CZCE,TA606P5500,TA606P5500,2,TAP,5,0.5,0.0,0.0,0.0,0.0,6.000000000000001e-08,0.51,6.000000000000001e-08,0.51,6.000000000000001e-08,0.0,2026,5,2026-01-08,2026-05-13,2026-05-13,TA606,1,2,5500.0,1
CZCE,TA606P5600,TA606P5600,2,TAP,5,0.5,0.0,0.0,0.0,0.0,6.000000000000001e-08,0.51,6.000000000000001e-08,0.51,6.000000000000001e-08,0.0,2026,5,2026-01-08,2026-05-13,2026-05-13,TA606,1,2,5600.0,1
CZCE,TA606P5700,TA606P5700,2,TAP,5,0.5,0.0,0.0,0.0,0.0,6.000000000000001e-08,0.51,6.000000000000001e-08,0.51,6.000000000000001e-08,0.0,2026,5,2026-01-22,2026-05-13,2026-05-13,TA606,1,2,5700.0,1
CZCE,TA606P5800,TA606P5800,2,TAP,5,0.5,0.0,0.0,0.0,0.0,6.000000000000001e-08,0.51,6.000000000000001e-08,0.51,6.000000000000001e-08,0.0,2026,5,2026-01-26,2026-05-13,2026-05-13,TA606,1,2,5800.0,1
CZCE,TA606P5900,TA606P5900,2,TAP,5,0.5,0.0,0.0,0.0,0.0,6.000000000000001e-08,0.51,6.000000000000001e-08,0.51,6.000000000000001e-08,0.0,2026,5,2026-01-26,2026-05-13,2026-05-13,TA606,1,2,5900.0,1
CZCE,TA606P6000,TA606P6000,2,TAP,5,0.5,0.0,0.0,0.0,0.0,6.000000000000001e-08,0.51,6.000000000000001e-08,0.51,6.000000000000001e-08,0.0,2026,5,2026-01-27,2026-05-13,2026-05-13,TA606,1,2,6000.0,1
CZCE,TA606P6100,TA606P6100,2,TAP,5,0.5,0.0,0.0,0.0,0.0,6.000000000000001e-08,0.51,6.000000000000001e-08,0.51,6.000000000000001e-08,0.0,2026,5,2026-03-04,2026-05-13,2026-05-13,TA606,1,2,6100.0,1
CZCE,TA606P6200,TA606P6200,2,TAP,5,0.5,0.0,0.0,0.0,0.0,6.000000000000001e-08,0.51,6.000000000000001e-08,0.51,6.000000000000001e-08,0.0,2026,5,2026-03-05,2026-05-13,2026-05-13,TA606,1,2,6200.0,1
CZCE,TA606P6300,TA606P6300,2,TAP,5,0.5,0.0,0.0,0.0,0.0,6.000000000000001e-08,0.51,6.000000000000001e-08,0.51,6.000000000000001e-08,0.0,2026,5,2026-03-06,2026-05-13,2026-05-13,TA606,1,2,6300.0,1
CZCE,TA606P6400,TA606P6400,2,TAP,5,0.5,0.0,0.0,0.0,0.0,6.000000000000001e-08,0.51,6.000000000000001e-08,0.51,6.000000000000001e-08,0.0,2026,5,2026-03-09,2026-05-13,2026-05-13,TA606,1,2,6400.0,1
CZCE,TA606P6500,TA606P6500,2,TAP,5,0.5,0.0,0.0,0.0,0.0,6.000000000000001e-08,0.51,6.000000000000001e-08,0.51,6.000000000000001e-08,0.0,2026,5,2026-03-10,2026-05-13,2026-05-13,TA606,1,2,6500.0,1
CZCE,TA606P6600,TA606P6600,2,TAP,5,0.5,0.0,0.0,0.0,0.0,6.000000000000001e-08,0.51,6.000000000000001e-08,0.51,6.000000000000001e-08,0.0,2026,5,2026-03-10,2026-05-13,2026-05-13,TA606,1,2,6600.0,1
CZCE,TA606P6700,TA606P6700,2,TAP,5,0.5,0.0,0.0,0.0,0.0,6.000000000000001e-08,0.51,6.000000000000001e-08,0.51,6.000000000000001e-08,0.0,2026,5,2026-03-10,2026-05-13,2026-05-13,TA606,1,2,6700.0,1
CZCE,TA606P6800,TA606P6800,2,TAP,5,0.5,0.0,0.0,0.0,0.0,6.000000000000001e-08,0.51,6.000000000000001e-08,0.51,6.000000000000001e-08,0.0,2026,5,2026-03-10,2026-05-13,2026-05-13,TA606,1,2,6800.0,1
CZCE,TA606P6900,TA606P6900,2,TAP,5,0.5,0.0,0.0,0.0,0.0,6.000000000000001e-08,0.51,6.000000000000001e-08,0.51,6.000000000000001e-08,0.0,2026,5,2026-03-10,2026-05-13,2026-05-13,TA606,1,2,6900.0,1
CZCE,TA606P7000,TA606P7000,2,TAP,5,0.5,0.0,0.0,0.0,0.0,6.000000000000001e-08,0.51,6.000000000000001e-08,0.51,6.000000000000001e-08,0.0,2026,5,2026-03-10,2026-05-13,2026-05-13,TA606,1,2,7000.0,1
CZCE,TA606P7100,TA606P7100,2,TAP,5,0.5,0.0,0.0,0.0,0.0,6.000000000000001e-08,0.51,6.000000000000001e-08,0.51,6.000000000000001e-08,0.0,2026,5,2026-03-10,2026-05-13,2026-05-13,TA606,1,2,7100.0,1
CZCE,TA606P7200,TA606P7200,2,TAP,5,0.5,0.0,0.0,0.0,0.0,6.000000000000001e-08,0.51,6.000000000000001e-08,0.51,6.000000000000001e-08,0.0,2026,5,2026-03-12,2026-05-13,2026-05-13,TA606,1,2,7200.0,1
CZCE,TA606P7300,TA606P7300,2,TAP,5,0.5,0.0,0.0,0.0,0.0,6.000000000000001e-08,0.51,6.000000000000001e-08,0.51,6.000000000000001e-08,0.0,2026,5,2026-03-12,2026-05-13,2026-05-13,TA606,1,2,7300.0,1
CZCE,TA606P7400,TA606P7400,2,TAP,5,0.5,0.0,0.0,0.0,0.0,6.000000000000001e-08,0.51,6.000000000000001e-08,0.51,6.000000000000001e-08,0.0,2026,5,2026-03-13,2026-05-13,2026-05-13,TA606,1,2,7400.0,1
CZCE,TA606P7500,TA606P7500,2,TAP,5,0.5,0.0,0.0,0.0,0.0,6.000000000000001e-08,0.51,6.000000000000001e-08,0.51,6.000000000000001e-08,0.0,2026,5,2026-03-13,2026-05-13,2026-05-13,TA606,1,2,7500.0,1
CZCE,TA606P7600,TA606P7600,2,TAP,5,0.5,0.0,0.0,0.0,0.0,6.000000000000001e-08,0.51,6.000000000000001e-08,0.51,6.000000000000001e-08,0.0,2026,5,2026-03-13,2026-05-13,2026-05-13,TA606,1,2,7600.0,1
CZCE,TA606P7700,TA606P7700,2,TAP,5,0.5,0.0,0.0,0.0,0.0,6.000000000000001e-08,0.51,6.000000000000001e-08,0.51,6.000000000000001e-08,0.0,2026,5,2026-03-13,2026-05-13,2026-05-13,TA606,1,2,7700.0,1
CZCE,TA606P7800,TA606P7800,2,TAP,5,0.5,0.0,0.0,0.0,0.0,6.000000000000001e-08,0.51,6.000000000000001e-08,0.51,6.000000000000001e-08,0.0,2026,5,2026-03-13,2026-05-13,2026-05-13,TA606,1,2,7800.0,1
CZCE,TA606P7900,TA606P7900,2,TAP,5,0.5,0.0,0.0,0.0,0.0,6.000000000000001e-08,0.51,6.000000000000001e-08,0.51,6.000000000000001e-08,0.0,2026,5,2026-03-13,2026-05-13,2026-05-13,TA606,1,2,7900.0,1
CZCE,TA606P8000,TA606P8000,2,TAP,5,0.5,0.0,0.0,0.0,0.0,6.000000000000001e-08,0.51,6.000000000000001e-08,0.51,6.000000000000001e-08,0.0,2026,5,2026-03-13,2026-05-13,2026-05-13,TA606,1,2,8000.0,1
CZCE,TA606P8100,TA606P8100,2,TAP,5,0.5,0.0,0.0,0.0,0.0,6.000000000000001e-08,0.51,6.000000000000001e-08,0.51,6.000000000000001e-08,0.0,2026,5,2026-03-17,2026-05-13,2026-05-13,TA606,1,2,8100.0,1
CZCE,TA606P8200,TA606P8200,2,TAP,5,0.5,0.0,0.0,0.0,0.0,6.000000000000001e-08,0.51,6.000000000000001e-08,0.51,6.000000000000001e-08,0.0,2026,5,2026-03-24,2026-05-13,2026-05-13,TA606,1,2,8200.0,1
CZCE,TA607C4450,TA607C4450,2,TAC,5,0.5,0.0,0.0,0.0,0.0,6.000000000000001e-08,0.51,6.000000000000001e-08,0.51,6.000000000000001e-08,0.0,2026,6,2026-02-10,2026-06-11,2026-06-11,TA607,1,1,4450.0,1
CZCE,TA607C4500,TA607C4500,2,TAC,5,0.5,0.0,0.0,0.0,0.0,6.000000000000001e-08,0.51,6.000000000000001e-08,0.51,6.000000000000001e-08,0.0,2026,6,2026-02-10,2026-06-11,2026-06-11,TA607,1,1,4500.0,1
CZCE,TA607C4550,TA607C4550,2,TAC,5,0.5,0.0,0.0,0.0,0.0,6.000000000000001e-08,0.51,6.000000000000001e-08,0.51,6.000000000000001e-08,0.0,2026,6,2026-02-10,2026-06-11,2026-06-11,TA607,1,1,4550.0,1
CZCE,TA607C4600,TA607C4600,2,TAC,5,0.5,0.0,0.0,0.0,0.0,6.000000000000001e-08,0.51,6.000000000000001e-08,0.51,6.000000000000001e-08,0.0,2026,6,2026-02-10,2026-06-11,2026-06-11,TA607,1,1,4600.0,1
CZCE,TA607C4650,TA607C4650,2,TAC,5,0.5,0.0,0.0,0.0,0.0,6.000000000000001e-08,0.51,6.000000000000001e-08,0.51,6.000000000000001e-08,0.0,2026,6,2026-02-04,2026-06-11,2026-06-11,TA607,1,1,4650.0,1
CZCE,TA607C4700,TA607C4700,2,TAC,5,0.5,0.0,0.0,0.0,0.0,6.000000000000001e-08,0.51,6.000000000000001e-08,0.51,6.000000000000001e-08,0.0,2026,6,2026-02-04,2026-06-11,2026-06-11,TA607,1,1,4700.0,1
CZCE,TA607C4750,TA607C4750,2,TAC,5,0.5,0.0,0.0,0.0,0.0,6.000000000000001e-08,0.51,6.000000000000001e-08,0.51,6.000000000000001e-08,0.0,2026,6,2026-02-04,2026-06-11,2026-06-11,TA607,1,1,4750.0,1
CZCE,TA607C4800,TA607C4800,2,TAC,5,0.5,0.0,0.0,0.0,0.0,6.000000000000001e-08,0.51,6.000000000000001e-08,0.51,6.000000000000001e-08,0.0,2026,6,2026-02-04,2026-06-11,2026-06-11,TA607,1,1,4800.0,1
CZCE,TA607C4850,TA607C4850,2,TAC,5,0.5,0.0,0.0,0.0,0.0,6.000000000000001e-08,0.51,6.000000000000001e-08,0.51,6.000000000000001e-08,0.0,2026,6,2026-02-04,2026-06-11,2026-06-11,TA607,1,1,4850.0,1
CZCE,TA607C4900,TA607C4900,2,TAC,5,0.5,0.0,0.0,0.0,0.0,6.000000000000001e-08,0.51,6.000000000000001e-08,0.51,6.000000000000001e-08,0.0,2026,6,2026-02-04,2026-06-11,2026-06-11,TA607,1,1,4900.0,1
CZCE,TA607C4950,TA607C4950,2,TAC,5,0.5,0.0,0.0,0.0,0.0,6.000000000000001e-08,0.51,6.000000000000001e-08,0.51,6.000000000000001e-08,0.0,2026,6,2026-02-04,2026-06-11,2026-06-11,TA607,1,1,4950.0,1
CZCE,TA607C5000,TA607C5000,2,TAC,5,0.5,0.0,0.0,0.0,0.0,6.000000000000001e-08,0.51,6.000000000000001e-08,0.51,6.000000000000001e-08,0.0,2026,6,2026-02-04,2026-06-11,2026-06-11,TA607,1,1,5000.0,1
CZCE,TA607C5100,TA607C5100,2,TAC,5,0.5,0.0,0.0,0.0,0.0,6.000000000000001e-08,0.51,6.000000000000001e-08,0.51,6.000000000000001e-08,0.0,2026,6,2026-02-04,2026-06-11,2026-06-11,TA607,1,1,5100.0,1
CZCE,TA607C5200,TA607C5200,2,TAC,5,0.5,0.0,0.0,0.0,0.0,6.000000000000001e-08,0.51,6.000000000000001e-08,0.51,6.000000000000001e-08,0.0,2026,6,2026-02-04,2026-06-11,2026-06-11,TA607,1,1,5200.0,1
CZCE,TA607C5300,TA607C5300,2,TAC,5,0.5,0.0,0.0,0.0,0.0,6.000000000000001e-08,0.51,6.000000000000001e-08,0.51,6.000000000000001e-08,0.0,2026,6,2026-02-04,2026-06-11,2026-06-11,TA607,1,1,5300.0,1
CZCE,TA607C5400,TA607C5400,2,TAC,5,0.5,0.0,0.0,0.0,0.0,6.000000000000001e-08,0.51,6.000000000000001e-08,0.51,6.000000000000001e-08,0.0,2026,6,2026-02-04,2026-06-11,2026-06-11,TA607,1,1,5400.0,1
CZCE,TA607C5500,TA607C5500,2,TAC,5,0.5,0.0,0.0,0.0,0.0,6.000000000000001e-08,0.51,6.000000000000001e-08,0.51,6.000000000000001e-08,0.0,2026,6,2026-02-04,2026-06-11,2026-06-11,TA607,1,1,5500.0,1
CZCE,TA607C5600,TA607C5600,2,TAC,5,0.5,0.0,0.0,0.0,0.0,6.000000000000001e-08,0.51,6.000000000000001e-08,0.51,6.000000000000001e-08,0.0,2026,6,2026-02-04,2026-06-11,2026-06-11,TA607,1,1,5600.0,1
CZCE,TA607C5700,TA607C5700,2,TAC,5,0.5,0.0,0.0,0.0,0.0,6.000000000000001e-08,0.51,6.000000000000001e-08,0.51,6.000000000000001e-08,0.0,2026,6,2026-02-04,2026-06-11,2026-06-11,TA607,1,1,5700.0,1
CZCE,TA607C5800,TA607C5800,2,TAC,5,0.5,0.0,0.0,0.0,0.0,6.000000000000001e-08,0.51,6.000000000000001e-08,0.51,6.000000000000001e-08,0.0,2026,6,2026-02-10,2026-06-11,2026-06-11,TA607,1,1,5800.0,1
CZCE,TA607C5900,TA607C5900,2,TAC,5,0.5,0.0,0.0,0.0,0.0,6.000000000000001e-08,0.51,6.000000000000001e-08,0.51,6.000000000000001e-08,0.0,2026,6,2026-02-10,2026-06-11,2026-06-11,TA607,1,1,5900.0,1
CZCE,TA607C6000,TA607C6000,2,TAC,5,0.5,0.0,0.0,0.0,0.0,6.000000000000001e-08,0.51,6.000000000000001e-08,0.51,6.000000000000001e-08,0.0,2026,6,2026-02-11,2026-06-11,2026-06-11,TA607,1,1,6000.0,1
CZCE,TA607C6100,TA607C6100,2,TAC,5,0.5,0.0,0.0,0.0,0.0,6.000000000000001e-08,0.51,6.000000000000001e-08,0.51,6.000000000000001e-08,0.0,2026,6,2026-03-04,2026-06-11,2026-06-11,TA607,1,1,6100.0,1
CZCE,TA607C6200,TA607C6200,2,TAC,5,0.5,0.0,0.0,0.0,0.0,6.000000000000001e-08,0.51,6.000000000000001e-08,0.51,6.000000000000001e-08,0.0,2026,6,2026-03-05,2026-06-11,2026-06-11,TA607,1,1,6200.0,1
CZCE,TA607C6300,TA607C6300,2,TAC,5,0.5,0.0,0.0,0.0,0.0,6.000000000000001e-08,0.51,6.000000000000001e-08,0.51,6.000000000000001e-08,0.0,2026,6,2026-03-06,2026-06-11,2026-06-11,TA607,1,1,6300.0,1
CZCE,TA607C6400,TA607C6400,2,TAC,5,0.5,0.0,0.0,0.0,0.0,6.000000000000001e-08,0.51,6.000000000000001e-08,0.51,6.000000000000001e-08,0.0,2026,6,2026-03-09,2026-06-11,2026-06-11,TA607,1,1,6400.0,1
CZCE,TA607C6500,TA607C6500,2,TAC,5,0.5,0.0,0.0,0.0,0.0,6.000000000000001e-08,0.51,6.000000000000001e-08,0.51,6.000000000000001e-08,0.0,2026,6,2026-03-10,2026-06-11,2026-06-11,TA607,1,1,6500.0,1
CZCE,TA607C6600,TA607C6600,2,TAC,5,0.5,0.0,0.0,0.0,0.0,6.000000000000001e-08,0.51,6.000000000000001e-08,0.51,6.000000000000001e-08,0.0,2026,6,2026-03-10,2026-06-11,2026-06-11,TA607,1,1,6600.0,1
CZCE,TA607C6700,TA607C6700,2,TAC,5,0.5,0.0,0.0,0.0,0.0,6.000000000000001e-08,0.51,6.000000000000001e-08,0.51,6.000000000000001e-08,0.0,2026,6,2026-03-10,2026-06-11,2026-06-11,TA607,1,1,6700.0,1
CZCE,TA607C6800,TA607C6800,2,TAC,5,0.5,0.0,0.0,0.0,0.0,6.000000000000001e-08,0.51,6.000000000000001e-08,0.51,6.000000000000001e-08,0.0,2026,6,2026-03-10,2026-06-11,2026-06-11,TA607,1,1,6800.0,1
CZCE,TA607C6900,TA607C6900,2,TAC,5,0.5,0.0,0.0,0.0,0.0,6.000000000000001e-08,0.51,6.000000000000001e-08,0.51,6.000000000000001e-08,0.0,2026,6,2026-03-10,2026-06-11,2026-06-11,TA607,1,1,6900.0,1
CZCE,TA607C7000,TA607C7000,2,TAC,5,0.5,0.0,0.0,0.0,0.0,6.000000000000001e-08,0.51,6.000000000000001e-08,0.51,6.000000000000001e-08,0.0,2026,6,2026-03-10,2026-06-11,2026-06-11,TA607,1,1,7000.0,1
CZCE,TA607C7100,TA607C7100,2,TAC,5,0.5,0.0,0.0,0.0,0.0,6.000000000000001e-08,0.51,6.000000000000001e-08,0.51,6.000000000000001e-08,0.0,2026,6,2026-03-11,2026-06-11,2026-06-11,TA607,1,1,7100.0,1
CZCE,TA607C7200,TA607C7200,2,TAC,5,0.5,0.0,0.0,0.0,0.0,6.000000000000001e-08,0.51,6.000000000000001e-08,0.51,6.000000000000001e-08,0.0,2026,6,2026-03-12,2026-06-11,2026-06-11,TA607,1,1,7200.0,1
CZCE,TA607C7300,TA607C7300,2,TAC,5,0.5,0.0,0.0,0.0,0.0,6.000000000000001e-08,0.51,6.000000000000001e-08,0.51,6.000000000000001e-08,0.0,2026,6,2026-03-12,2026-06-11,2026-06-11,TA607,1,1,7300.0,1
CZCE,TA607C7400,TA607C7400,2,TAC,5,0.5,0.0,0.0,0.0,0.0,6.000000000000001e-08,0.51,6.000000000000001e-08,0.51,6.000000000000001e-08,0.0,2026,6,2026-03-13,2026-06-11,2026-06-11,TA607,1,1,7400.0,1
CZCE,TA607C7500,TA607C7500,2,TAC,5,0.5,0.0,0.0,0.0,0.0,6.000000000000001e-08,0.51,6.000000000000001e-08,0.51,6.000000000000001e-08,0.0,2026,6,2026-03-13,2026-06-11,2026-06-11,TA607,1,1,7500.0,1
CZCE,TA607C7600,TA607C7600,2,TAC,5,0.5,0.0,0.0,0.0,0.0,6.000000000000001e-08,0.51,6.000000000000001e-08,0.51,6.000000000000001e-08,0.0,2026,6,2026-03-13,2026-06-11,2026-06-11,TA607,1,1,7600.0,1
CZCE,TA607C7700,TA607C7700,2,TAC,5,0.5,0.0,0.0,0.0,0.0,6.000000000000001e-08,0.51,6.000000000000001e-08,0.51,6.000000000000001e-08,0.0,2026,6,2026-03-13,2026-06-11,2026-06-11,TA607,1,1,7700.0,1
CZCE,TA607C7800,TA607C7800,2,TAC,5,0.5,0.0,0.0,0.0,0.0,6.000000000000001e-08,0.51,6.000000000000001e-08,0.51,6.000000000000001e-08,0.0,2026,6,2026-03-13,2026-06-11,2026-06-11,TA607,1,1,7800.0,1
CZCE,TA607C7900,TA607C7900,2,TAC,5,0.5,0.0,0.0,0.0,0.0,6.000000000000001e-08,0.51,6.000000000000001e-08,0.51,6.000000000000001e-08,0.0,2026,6,2026-03-13,2026-06-11,2026-06-11,TA607,1,1,7900.0,1
CZCE,TA607C8000,TA607C8000,2,TAC,5,0.5,0.0,0.0,0.0,0.0,6.000000000000001e-08,0.51,6.000000000000001e-08,0.51,6.000000000000001e-08,0.0,2026,6,2026-03-16,2026-06-11,2026-06-11,TA607,1,1,8000.0,1
CZCE,TA607C8100,TA607C8100,2,TAC,5,0.5,0.0,0.0,0.0,0.0,6.000000000000001e-08,0.51,6.000000000000001e-08,0.51,6.000000000000001e-08,0.0,2026,6,2026-03-17,2026-06-11,2026-06-11,TA607,1,1,8100.0,1
CZCE,TA607P4450,TA607P4450,2,TAP,5,0.5,0.0,0.0,0.0,0.0,6.000000000000001e-08,0.51,6.000000000000001e-08,0.51,6.000000000000001e-08,0.0,2026,6,2026-02-10,2026-06-11,2026-06-11,TA607,1,2,4450.0,1
CZCE,TA607P4500,TA607P4500,2,TAP,5,0.5,0.0,0.0,0.0,0.0,6.000000000000001e-08,0.51,6.000000000000001e-08,0.51,6.000000000000001e-08,0.0,2026,6,2026-02-10,2026-06-11,2026-06-11,TA607,1,2,4500.0,1
CZCE,TA607P4550,TA607P4550,2,TAP,5,0.5,0.0,0.0,0.0,0.0,6.000000000000001e-08,0.51,6.000000000000001e-08,0.51,6.000000000000001e-08,0.0,2026,6,2026-02-10,2026-06-11,2026-06-11,TA607,1,2,4550.0,1
CZCE,TA607P4600,TA607P4600,2,TAP,5,0.5,0.0,0.0,0.0,0.0,6.000000000000001e-08,0.51,6.000000000000001e-08,0.51,6.000000000000001e-08,0.0,2026,6,2026-02-10,2026-06-11,2026-06-11,TA607,1,2,4600.0,1
CZCE,TA607P4650,TA607P4650,2,TAP,5,0.5,0.0,0.0,0.0,0.0,6.000000000000001e-08,0.51,6.000000000000001e-08,0.51,6.000000000000001e-08,0.0,2026,6,2026-02-04,2026-06-11,2026-06-11,TA607,1,2,4650.0,1
CZCE,TA607P4700,TA607P4700,2,TAP,5,0.5,0.0,0.0,0.0,0.0,6.000000000000001e-08,0.51,6.000000000000001e-08,0.51,6.000000000000001e-08,0.0,2026,6,2026-02-04,2026-06-11,2026-06-11,TA607,1,2,4700.0,1
CZCE,TA607P4750,TA607P4750,2,TAP,5,0.5,0.0,0.0,0.0,0.0,6.000000000000001e-08,0.51,6.000000000000001e-08,0.51,6.000000000000001e-08,0.0,2026,6,2026-02-04,2026-06-11,2026-06-11,TA607,1,2,4750.0,1
CZCE,TA607P4800,TA607P4800,2,TAP,5,0.5,0.0,0.0,0.0,0.0,6.000000000000001e-08,0.51,6.000000000000001e-08,0.51,6.000000000000001e-08,0.0,2026,6,2026-02-04,2026-06-11,2026-06-11,TA607,1,2,4800.0,1
CZCE,TA607P4850,TA607P4850,2,TAP,5,0.5,0.0,0.0,0.0,0.0,6.000000000000001e-08,0.51,6.000000000000001e-08,0.51,6.000000000000001e-08,0.0,2026,6,2026-02-04,2026-06-11,2026-06-11,TA607,1,2,4850.0,1
CZCE,TA607P4900,TA607P4900,2,TAP,5,0.5,0.0,0.0,0.0,0.0,6.000000000000001e-08,0.51,6.000000000000001e-08,0.51,6.000000000000001e-08,0.0,2026,6,2026-02-04,2026-06-11,2026-06-11,TA607,1,2,4900.0,1
CZCE,TA607P4950,TA607P4950,2,TAP,5,0.5,0.0,0.0,0.0,0.0,6.000000000000001e-08,0.51,6.000000000000001e-08,0.51,6.000000000000001e-08,0.0,2026,6,2026-02-04,2026-06-11,2026-06-11,TA607,1,2,4950.0,1
CZCE,TA607P5000,TA607P5000,2,TAP,5,0.5,0.0,0.0,0.0,0.0,6.000000000000001e-08,0.51,6.000000000000001e-08,0.51,6.000000000000001e-08,0.0,2026,6,2026-02-04,2026-06-11,2026-06-11,TA607,1,2,5000.0,1
CZCE,TA607P5100,TA607P5100,2,TAP,5,0.5,0.0,0.0,0.0,0.0,6.000000000000001e-08,0.51,6.000000000000001e-08,0.51,6.000000000000001e-08,0.0,2026,6,2026-02-04,2026-06-11,2026-06-11,TA607,1,2,5100.0,1
CZCE,TA607P5200,TA607P5200,2,TAP,5,0.5,0.0,0.0,0.0,0.0,6.000000000000001e-08,0.51,6.000000000000001e-08,0.51,6.000000000000001e-08,0.0,2026,6,2026-02-04,2026-06-11,2026-06-11,TA607,1,2,5200.0,1
CZCE,TA607P5300,TA607P5300,2,TAP,5,0.5,0.0,0.0,0.0,0.0,6.000000000000001e-08,0.51,6.000000000000001e-08,0.51,6.000000000000001e-08,0.0,2026,6,2026-02-04,2026-06-11,2026-06-11,TA607,1,2,5300.0,1
CZCE,TA607P5400,TA607P5400,2,TAP,5,0.5,0.0,0.0,0.0,0.0,6.000000000000001e-08,0.51,6.000000000000001e-08,0.51,6.000000000000001e-08,0.0,2026,6,2026-02-04,2026-06-11,2026-06-11,TA607,1,2,5400.0,1
CZCE,TA607P5500,TA607P5500,2,TAP,5,0.5,0.0,0.0,0.0,0.0,6.000000000000001e-08,0.51,6.000000000000001e-08,0.51,6.000000000000001e-08,0.0,2026,6,2026-02-04,2026-06-11,2026-06-11,TA607,1,2,5500.0,1
CZCE,TA607P5600,TA607P5600,2,TAP,5,0.5,0.0,0.0,0.0,0.0,6.000000000000001e-08,0.51,6.000000000000001e-08,0.51,6.000000000000001e-08,0.0,2026,6,2026-02-04,2026-06-11,2026-06-11,TA607,1,2,5600.0,1
CZCE,TA607P5700,TA607P5700,2,TAP,5,0.5,0.0,0.0,0.0,0.0,6.000000000000001e-08,0.51,6.000000000000001e-08,0.51,6.000000000000001e-08,0.0,2026,6,2026-02-04,2026-06-11,2026-06-11,TA607,1,2,5700.0,1
CZCE,TA607P5800,TA607P5800,2,TAP,5,0.5,0.0,0.0,0.0,0.0,6.000000000000001e-08,0.51,6.000000000000001e-08,0.51,6.000000000000001e-08,0.0,2026,6,2026-02-10,2026-06-11,2026-06-11,TA607,1,2,5800.0,1
CZCE,TA607P5900,TA607P5900,2,TAP,5,0.5,0.0,0.0,0.0,0.0,6.000000000000001e-08,0.51,6.000000000000001e-08,0.51,6.000000000000001e-08,0.0,2026,6,2026-02-10,2026-06-11,2026-06-11,TA607,1,2,5900.0,1
CZCE,TA607P6000,TA607P6000,2,TAP,5,0.5,0.0,0.0,0.0,0.0,6.000000000000001e-08,0.51,6.000000000000001e-08,0.51,6.000000000000001e-08,0.0,2026,6,2026-02-11,2026-06-11,2026-06-11,TA607,1,2,6000.0,1
CZCE,TA607P6100,TA607P6100,2,TAP,5,0.5,0.0,0.0,0.0,0.0,6.000000000000001e-08,0.51,6.000000000000001e-08,0.51,6.000000000000001e-08,0.0,2026,6,2026-03-04,2026-06-11,2026-06-11,TA607,1,2,6100.0,1
CZCE,TA607P6200,TA607P6200,2,TAP,5,0.5,0.0,0.0,0.0,0.0,6.000000000000001e-08,0.51,6.000000000000001e-08,0.51,6.000000000000001e-08,0.0,2026,6,2026-03-05,2026-06-11,2026-06-11,TA607,1,2,6200.0,1
CZCE,TA607P6300,TA607P6300,2,TAP,5,0.5,0.0,0.0,0.0,0.0,6.000000000000001e-08,0.51,6.000000000000001e-08,0.51,6.000000000000001e-08,0.0,2026,6,2026-03-06,2026-06-11,2026-06-11,TA607,1,2,6300.0,1
CZCE,TA607P6400,TA607P6400,2,TAP,5,0.5,0.0,0.0,0.0,0.0,6.000000000000001e-08,0.51,6.000000000000001e-08,0.51,6.000000000000001e-08,0.0,2026,6,2026-03-09,2026-06-11,2026-06-11,TA607,1,2,6400.0,1
CZCE,TA607P6500,TA607P6500,2,TAP,5,0.5,0.0,0.0,0.0,0.0,6.000000000000001e-08,0.51,6.000000000000001e-08,0.51,6.000000000000001e-08,0.0,2026,6,2026-03-10,2026-06-11,2026-06-11,TA607,1,2,6500.0,1
CZCE,TA607P6600,TA607P6600,2,TAP,5,0.5,0.0,0.0,0.0,0.0,6.000000000000001e-08,0.51,6.000000000000001e-08,0.51,6.000000000000001e-08,0.0,2026,6,2026-03-10,2026-06-11,2026-06-11,TA607,1,2,6600.0,1
CZCE,TA607P6700,TA607P6700,2,TAP,5,0.5,0.0,0.0,0.0,0.0,6.000000000000001e-08,0.51,6.000000000000001e-08,0.51,6.000000000000001e-08,0.0,2026,6,2026-03-10,2026-06-11,2026-06-11,TA607,1,2,6700.0,1
CZCE,TA607P6800,TA607P6800,2,TAP,5,0.5,0.0,0.0,0.0,0.0,6.000000000000001e-08,0.51,6.000000000000001e-08,0.51,6.000000000000001e-08,0.0,2026,6,2026-03-10,2026-06-11,2026-06-11,TA607,1,2,6800.0,1
CZCE,TA607P6900,TA607P6900,2,TAP,5,0.5,0.0,0.0,0.0,0.0,6.000000000000001e-08,0.51,6.000000000000001e-08,0.51,6.000000000000001e-08,0.0,2026,6,2026-03-10,2026-06-11,2026-06-11,TA607,1,2,6900.0,1
CZCE,TA607P7000,TA607P7000,2,TAP,5,0.5,0.0,0.0,0.0,0.0,6.000000000000001e-08,0.51,6.000000000000001e-08,0.51,6.000000000000001e-08,0.0,2026,6,2026-03-10,2026-06-11,2026-06-11,TA607,1,2,7000.0,1
CZCE,TA607P7100,TA607P7100,2,TAP,5,0.5,0.0,0.0,0.0,0.0,6.000000000000001e-08,0.51,6.000000000000001e-08,0.51,6.000000000000001e-08,0.0,2026,6,2026-03-11,2026-06-11,2026-06-11,TA607,1,2,7100.0,1
CZCE,TA607P7200,TA607P7200,2,TAP,5,0.5,0.0,0.0,0.0,0.0,6.000000000000001e-08,0.51,6.000000000000001e-08,0.51,6.000000000000001e-08,0.0,2026,6,2026-03-12,2026-06-11,2026-06-11,TA607,1,2,7200.0,1
CZCE,TA607P7300,TA607P7300,2,TAP,5,0.5,0.0,0.0,0.0,0.0,6.000000000000001e-08,0.51,6.000000000000001e-08,0.51,6.000000000000001e-08,0.0,2026,6,2026-03-12,2026-06-11,2026-06-11,TA607,1,2,7300.0,1
CZCE,TA607P7400,TA607P7400,2,TAP,5,0.5,0.0,0.0,0.0,0.0,6.000000000000001e-08,0.51,6.000000000000001e-08,0.51,6.000000000000001e-08,0.0,2026,6,2026-03-13,2026-06-11,2026-06-11,TA607,1,2,7400.0,1
CZCE,TA607P7500,TA607P7500,2,TAP,5,0.5,0.0,0.0,0.0,0.0,6.000000000000001e-08,0.51,6.000000000000001e-08,0.51,6.000000000000001e-08,0.0,2026,6,2026-03-13,2026-06-11,2026-06-11,TA607,1,2,7500.0,1
CZCE,TA607P7600,TA607P7600,2,TAP,5,0.5,0.0,0.0,0.0,0.0,6.000000000000001e-08,0.51,6.000000000000001e-08,0.51,6.000000000000001e-08,0.0,2026,6,2026-03-13,2026-06-11,2026-06-11,TA607,1,2,7600.0,1
CZCE,TA607P7700,TA607P7700,2,TAP,5,0.5,0.0,0.0,0.0,0.0,6.000000000000001e-08,0.51,6.000000000000001e-08,0.51,6.000000000000001e-08,0.0,2026,6,2026-03-13,2026-06-11,2026-06-11,TA607,1,2,7700.0,1
CZCE,TA607P7800,TA607P7800,2,TAP,5,0.5,0.0,0.0,0.0,0.0,6.000000000000001e-08,0.51,6.000000000000001e-08,0.51,6.000000000000001e-08,0.0,2026,6,2026-03-13,2026-06-11,2026-06-11,TA607,1,2,7800.0,1
CZCE,TA607P7900,TA607P7900,2,TAP,5,0.5,0.0,0.0,0.0,0.0,6.000000000000001e-08,0.51,6.000000000000001e-08,0.51,6.000000000000001e-08,0.0,2026,6,2026-03-13,2026-06-11,2026-06-11,TA607,1,2,7900.0,1
CZCE,TA607P8000,TA607P8000,2,TAP,5,0.5,0.0,0.0,0.0,0.0,6.000000000000001e-08,0.51,6.000000000000001e-08,0.51,6.000000000000001e-08,0.0,2026,6,2026-03-16,2026-06-11,2026-06-11,TA607,1,2,8000.0,1
CZCE,TA607P8100,TA607P8100,2,TAP,5,0.5,0.0,0.0,0.0,0.0,6.000000000000001e-08,0.51,6.000000000000001e-08,0.51,6.000000000000001e-08,0.0,2026,6,2026-03-17,2026-06-11,2026-06-11,TA607,1,2,8100.0,1
CZCE,TA608C5000,TA608C5000,2,TAC,5,0.5,0.0,0.0,0.0,0.0,6.000000000000001e-08,0.51,6.000000000000001e-08,0.51,6.000000000000001e-08,0.0,2026,7,2026-03-04,2026-07-13,2026-07-13,TA608,1,1,5000.0,1
CZCE,TA608C5100,TA608C5100,2,TAC,5,0.5,0.0,0.0,0.0,0.0,6.000000000000001e-08,0.51,6.000000000000001e-08,0.51,6.000000000000001e-08,0.0,2026,7,2026-03-04,2026-07-13,2026-07-13,TA608,1,1,5100.0,1
CZCE,TA608C5200,TA608C5200,2,TAC,5,0.5,0.0,0.0,0.0,0.0,6.000000000000001e-08,0.51,6.000000000000001e-08,0.51,6.000000000000001e-08,0.0,2026,7,2026-03-04,2026-07-13,2026-07-13,TA608,1,1,5200.0,1
CZCE,TA608C5300,TA608C5300,2,TAC,5,0.5,0.0,0.0,0.0,0.0,6.000000000000001e-08,0.51,6.000000000000001e-08,0.51,6.000000000000001e-08,0.0,2026,7,2026-03-04,2026-07-13,2026-07-13,TA608,1,1,5300.0,1
CZCE,TA608C5400,TA608C5400,2,TAC,5,0.5,0.0,0.0,0.0,0.0,6.000000000000001e-08,0.51,6.000000000000001e-08,0.51,6.000000000000001e-08,0.0,2026,7,2026-03-04,2026-07-13,2026-07-13,TA608,1,1,5400.0,1
CZCE,TA608C5500,TA608C5500,2,TAC,5,0.5,0.0,0.0,0.0,0.0,6.000000000000001e-08,0.51,6.000000000000001e-08,0.51,6.000000000000001e-08,0.0,2026,7,2026-03-04,2026-07-13,2026-07-13,TA608,1,1,5500.0,1
CZCE,TA608C5600,TA608C5600,2,TAC,5,0.5,0.0,0.0,0.0,0.0,6.000000000000001e-08,0.51,6.000000000000001e-08,0.51,6.000000000000001e-08,0.0,2026,7,2026-03-04,2026-07-13,2026-07-13,TA608,1,1,5600.0,1
CZCE,TA608C5700,TA608C5700,2,TAC,5,0.5,0.0,0.0,0.0,0.0,6.000000000000001e-08,0.51,6.000000000000001e-08,0.51,6.000000000000001e-08,0.0,2026,7,2026-03-04,2026-07-13,2026-07-13,TA608,1,1,5700.0,1
CZCE,TA608C5800,TA608C5800,2,TAC,5,0.5,0.0,0.0,0.0,0.0,6.000000000000001e-08,0.51,6.000000000000001e-08,0.51,6.000000000000001e-08,0.0,2026,7,2026-03-04,2026-07-13,2026-07-13,TA608,1,1,5800.0,1
CZCE,TA608C5900,TA608C5900,2,TAC,5,0.5,0.0,0.0,0.0,0.0,6.000000000000001e-08,0.51,6.000000000000001e-08,0.51,6.000000000000001e-08,0.0,2026,7,2026-03-04,2026-07-13,2026-07-13,TA608,1,1,5900.0,1
CZCE,TA608C6000,TA608C6000,2,TAC,5,0.5,0.0,0.0,0.0,0.0,6.000000000000001e-08,0.51,6.000000000000001e-08,0.51,6.000000000000001e-08,0.0,2026,7,2026-03-04,2026-07-13,2026-07-13,TA608,1,1,6000.0,1
CZCE,TA608C6100,TA608C6100,2,TAC,5,0.5,0.0,0.0,0.0,0.0,6.000000000000001e-08,0.51,6.000000000000001e-08,0.51,6.000000000000001e-08,0.0,2026,7,2026-03-04,2026-07-13,2026-07-13,TA608,1,1,6100.0,1
CZCE,TA608C6200,TA608C6200,2,TAC,5,0.5,0.0,0.0,0.0,0.0,6.000000000000001e-08,0.51,6.000000000000001e-08,0.51,6.000000000000001e-08,0.0,2026,7,2026-03-05,2026-07-13,2026-07-13,TA608,1,1,6200.0,1
CZCE,TA608C6300,TA608C6300,2,TAC,5,0.5,0.0,0.0,0.0,0.0,6.000000000000001e-08,0.51,6.000000000000001e-08,0.51,6.000000000000001e-08,0.0,2026,7,2026-03-06,2026-07-13,2026-07-13,TA608,1,1,6300.0,1
CZCE,TA608C6400,TA608C6400,2,TAC,5,0.5,0.0,0.0,0.0,0.0,6.000000000000001e-08,0.51,6.000000000000001e-08,0.51,6.000000000000001e-08,0.0,2026,7,2026-03-09,2026-07-13,2026-07-13,TA608,1,1,6400.0,1
CZCE,TA608C6500,TA608C6500,2,TAC,5,0.5,0.0,0.0,0.0,0.0,6.000000000000001e-08,0.51,6.000000000000001e-08,0.51,6.000000000000001e-08,0.0,2026,7,2026-03-10,2026-07-13,2026-07-13,TA608,1,1,6500.0,1
CZCE,TA608C6600,TA608C6600,2,TAC,5,0.5,0.0,0.0,0.0,0.0,6.000000000000001e-08,0.51,6.000000000000001e-08,0.51,6.000000000000001e-08,0.0,2026,7,2026-03-10,2026-07-13,2026-07-13,TA608,1,1,6600.0,1
CZCE,TA608C6700,TA608C6700,2,TAC,5,0.5,0.0,0.0,0.0,0.0,6.000000000000001e-08,0.51,6.000000000000001e-08,0.51,6.000000000000001e-08,0.0,2026,7,2026-03-10,2026-07-13,2026-07-13,TA608,1,1,6700.0,1
CZCE,TA608C6800,TA608C6800,2,TAC,5,0.5,0.0,0.0,0.0,0.0,6.000000000000001e-08,0.51,6.000000000000001e-08,0.51,6.000000000000001e-08,0.0,2026,7,2026-03-10,2026-07-13,2026-07-13,TA608,1,1,6800.0,1
CZCE,TA608C6900,TA608C6900,2,TAC,5,0.5,0.0,0.0,0.0,0.0,6.000000000000001e-08,0.51,6.000000000000001e-08,0.51,6.000000000000001e-08,0.0,2026,7,2026-03-10,2026-07-13,2026-07-13,TA608,1,1,6900.0,1
CZCE,TA608C7000,TA608C7000,2,TAC,5,0.5,0.0,0.0,0.0,0.0,6.000000000000001e-08,0.51,6.000000000000001e-08,0.51,6.000000000000001e-08,0.0,2026,7,2026-03-11,2026-07-13,2026-07-13,TA608,1,1,7000.0,1
CZCE,TA608C7100,TA608C7100,2,TAC,5,0.5,0.0,0.0,0.0,0.0,6.000000000000001e-08,0.51,6.000000000000001e-08,0.51,6.000000000000001e-08,0.0,2026,7,2026-03-11,2026-07-13,2026-07-13,TA608,1,1,7100.0,1
CZCE,TA608C7200,TA608C7200,2,TAC,5,0.5,0.0,0.0,0.0,0.0,6.000000000000001e-08,0.51,6.000000000000001e-08,0.51,6.000000000000001e-08,0.0,2026,7,2026-03-13,2026-07-13,2026-07-13,TA608,1,1,7200.0,1
CZCE,TA608C7300,TA608C7300,2,TAC,5,0.5,0.0,0.0,0.0,0.0,6.000000000000001e-08,0.51,6.000000000000001e-08,0.51,6.000000000000001e-08,0.0,2026,7,2026-03-13,2026-07-13,2026-07-13,TA608,1,1,7300.0,1
CZCE,TA608C7400,TA608C7400,2,TAC,5,0.5,0.0,0.0,0.0,0.0,6.000000000000001e-08,0.51,6.000000000000001e-08,0.51,6.000000000000001e-08,0.0,2026,7,2026-03-13,2026-07-13,2026-07-13,TA608,1,1,7400.0,1
CZCE,TA608C7500,TA608C7500,2,TAC,5,0.5,0.0,0.0,0.0,0.0,6.000000000000001e-08,0.51,6.000000000000001e-08,0.51,6.000000000000001e-08,0.0,2026,7,2026-03-13,2026-07-13,2026-07-13,TA608,1,1,7500.0,1
CZCE,TA608C7600,TA608C7600,2,TAC,5,0.5,0.0,0.0,0.0,0.0,6.000000000000001e-08,0.51,6.000000000000001e-08,0.51,6.000000000000001e-08,0.0,2026,7,2026-03-13,2026-07-13,2026-07-13,TA608,1,1,7600.0,1
CZCE,TA608C7700,TA608C7700,2,TAC,5,0.5,0.0,0.0,0.0,0.0,6.000000000000001e-08,0.51,6.000000000000001e-08,0.51,6.000000000000001e-08,0.0,2026,7,2026-03-13,2026-07-13,2026-07-13,TA608,1,1,7700.0,1
CZCE,TA608C7800,TA608C7800,2,TAC,5,0.5,0.0,0.0,0.0,0.0,6.000000000000001e-08,0.51,6.000000000000001e-08,0.51,6.000000000000001e-08,0.0,2026,7,2026-03-13,2026-07-13,2026-07-13,TA608,1,1,7800.0,1
CZCE,TA608C7900,TA608C7900,2,TAC,5,0.5,0.0,0.0,0.0,0.0,6.000000000000001e-08,0.51,6.000000000000001e-08,0.51,6.000000000000001e-08,0.0,2026,7,2026-03-16,2026-07-13,2026-07-13,TA608,1,1,7900.0,1
CZCE,TA608C8000,TA608C8000,2,TAC,5,0.5,0.0,0.0,0.0,0.0,6.000000000000001e-08,0.51,6.000000000000001e-08,0.51,6.000000000000001e-08,0.0,2026,7,2026-03-17,2026-07-13,2026-07-13,TA608,1,1,8000.0,1
CZCE,TA608P5000,TA608P5000,2,TAP,5,0.5,0.0,0.0,0.0,0.0,6.000000000000001e-08,0.51,6.000000000000001e-08,0.51,6.000000000000001e-08,0.0,2026,7,2026-03-04,2026-07-13,2026-07-13,TA608,1,2,5000.0,1
CZCE,TA608P5100,TA608P5100,2,TAP,5,0.5,0.0,0.0,0.0,0.0,6.000000000000001e-08,0.51,6.000000000000001e-08,0.51,6.000000000000001e-08,0.0,2026,7,2026-03-04,2026-07-13,2026-07-13,TA608,1,2,5100.0,1
CZCE,TA608P5200,TA608P5200,2,TAP,5,0.5,0.0,0.0,0.0,0.0,6.000000000000001e-08,0.51,6.000000000000001e-08,0.51,6.000000000000001e-08,0.0,2026,7,2026-03-04,2026-07-13,2026-07-13,TA608,1,2,5200.0,1
CZCE,TA608P5300,TA608P5300,2,TAP,5,0.5,0.0,0.0,0.0,0.0,6.000000000000001e-08,0.51,6.000000000000001e-08,0.51,6.000000000000001e-08,0.0,2026,7,2026-03-04,2026-07-13,2026-07-13,TA608,1,2,5300.0,1
CZCE,TA608P5400,TA608P5400,2,TAP,5,0.5,0.0,0.0,0.0,0.0,6.000000000000001e-08,0.51,6.000000000000001e-08,0.51,6.000000000000001e-08,0.0,2026,7,2026-03-04,2026-07-13,2026-07-13,TA608,1,2,5400.0,1
CZCE,TA608P5500,TA608P5500,2,TAP,5,0.5,0.0,0.0,0.0,0.0,6.000000000000001e-08,0.51,6.000000000000001e-08,0.51,6.000000000000001e-08,0.0,2026,7,2026-03-04,2026-07-13,2026-07-13,TA608,1,2,5500.0,1
CZCE,TA608P5600,TA608P5600,2,TAP,5,0.5,0.0,0.0,0.0,0.0,6.000000000000001e-08,0.51,6.000000000000001e-08,0.51,6.000000000000001e-08,0.0,2026,7,2026-03-04,2026-07-13,2026-07-13,TA608,1,2,5600.0,1
CZCE,TA608P5700,TA608P5700,2,TAP,5,0.5,0.0,0.0,0.0,0.0,6.000000000000001e-08,0.51,6.000000000000001e-08,0.51,6.000000000000001e-08,0.0,2026,7,2026-03-04,2026-07-13,2026-07-13,TA608,1,2,5700.0,1
CZCE,TA608P5800,TA608P5800,2,TAP,5,0.5,0.0,0.0,0.0,0.0,6.000000000000001e-08,0.51,6.000000000000001e-08,0.51,6.000000000000001e-08,0.0,2026,7,2026-03-04,2026-07-13,2026-07-13,TA608,1,2,5800.0,1
CZCE,TA608P5900,TA608P5900,2,TAP,5,0.5,0.0,0.0,0.0,0.0,6.000000000000001e-08,0.51,6.000000000000001e-08,0.51,6.000000000000001e-08,0.0,2026,7,2026-03-04,2026-07-13,2026-07-13,TA608,1,2,5900.0,1
CZCE,TA608P6000,TA608P6000,2,TAP,5,0.5,0.0,0.0,0.0,0.0,6.000000000000001e-08,0.51,6.000000000000001e-08,0.51,6.000000000000001e-08,0.0,2026,7,2026-03-04,2026-07-13,2026-07-13,TA608,1,2,6000.0,1
CZCE,TA608P6100,TA608P6100,2,TAP,5,0.5,0.0,0.0,0.0,0.0,6.000000000000001e-08,0.51,6.000000000000001e-08,0.51,6.000000000000001e-08,0.0,2026,7,2026-03-04,2026-07-13,2026-07-13,TA608,1,2,6100.0,1
CZCE,TA608P6200,TA608P6200,2,TAP,5,0.5,0.0,0.0,0.0,0.0,6.000000000000001e-08,0.51,6.000000000000001e-08,0.51,6.000000000000001e-08,0.0,2026,7,2026-03-05,2026-07-13,2026-07-13,TA608,1,2,6200.0,1
CZCE,TA608P6300,TA608P6300,2,TAP,5,0.5,0.0,0.0,0.0,0.0,6.000000000000001e-08,0.51,6.000000000000001e-08,0.51,6.000000000000001e-08,0.0,2026,7,2026-03-06,2026-07-13,2026-07-13,TA608,1,2,6300.0,1
CZCE,TA608P6400,TA608P6400,2,TAP,5,0.5,0.0,0.0,0.0,0.0,6.000000000000001e-08,0.51,6.000000000000001e-08,0.51,6.000000000000001e-08,0.0,2026,7,2026-03-09,2026-07-13,2026-07-13,TA608,1,2,6400.0,1
CZCE,TA608P6500,TA608P6500,2,TAP,5,0.5,0.0,0.0,0.0,0.0,6.000000000000001e-08,0.51,6.000000000000001e-08,0.51,6.000000000000001e-08,0.0,2026,7,2026-03-10,2026-07-13,2026-07-13,TA608,1,2,6500.0,1
CZCE,TA608P6600,TA608P6600,2,TAP,5,0.5,0.0,0.0,0.0,0.0,6.000000000000001e-08,0.51,6.000000000000001e-08,0.51,6.000000000000001e-08,0.0,2026,7,2026-03-10,2026-07-13,2026-07-13,TA608,1,2,6600.0,1
CZCE,TA608P6700,TA608P6700,2,TAP,5,0.5,0.0,0.0,0.0,0.0,6.000000000000001e-08,0.51,6.000000000000001e-08,0.51,6.000000000000001e-08,0.0,2026,7,2026-03-10,2026-07-13,2026-07-13,TA608,1,2,6700.0,1
CZCE,TA608P6800,TA608P6800,2,TAP,5,0.5,0.0,0.0,0.0,0.0,6.000000000000001e-08,0.51,6.000000000000001e-08,0.51,6.000000000000001e-08,0.0,2026,7,2026-03-10,2026-07-13,2026-07-13,TA608,1,2,6800.0,1
CZCE,TA608P6900,TA608P6900,2,TAP,5,0.5,0.0,0.0,0.0,0.0,6.000000000000001e-08,0.51,6.000000000000001e-08,0.51,6.000000000000001e-08,0.0,2026,7,2026-03-10,2026-07-13,2026-07-13,TA608,1,2,6900.0,1
CZCE,TA608P7000,TA608P7000,2,TAP,5,0.5,0.0,0.0,0.0,0.0,6.000000000000001e-08,0.51,6.000000000000001e-08,0.51,6.000000000000001e-08,0.0,2026,7,2026-03-11,2026-07-13,2026-07-13,TA608,1,2,7000.0,1
CZCE,TA608P7100,TA608P7100,2,TAP,5,0.5,0.0,0.0,0.0,0.0,6.000000000000001e-08,0.51,6.000000000000001e-08,0.51,6.000000000000001e-08,0.0,2026,7,2026-03-11,2026-07-13,2026-07-13,TA608,1,2,7100.0,1
CZCE,TA608P7200,TA608P7200,2,TAP,5,0.5,0.0,0.0,0.0,0.0,6.000000000000001e-08,0.51,6.000000000000001e-08,0.51,6.000000000000001e-08,0.0,2026,7,2026-03-13,2026-07-13,2026-07-13,TA608,1,2,7200.0,1
CZCE,TA608P7300,TA608P7300,2,TAP,5,0.5,0.0,0.0,0.0,0.0,6.000000000000001e-08,0.51,6.000000000000001e-08,0.51,6.000000000000001e-08,0.0,2026,7,2026-03-13,2026-07-13,2026-07-13,TA608,1,2,7300.0,1
CZCE,TA608P7400,TA608P7400,2,TAP,5,0.5,0.0,0.0,0.0,0.0,6.000000000000001e-08,0.51,6.000000000000001e-08,0.51,6.000000000000001e-08,0.0,2026,7,2026-03-13,2026-07-13,2026-07-13,TA608,1,2,7400.0,1
CZCE,TA608P7500,TA608P7500,2,TAP,5,0.5,0.0,0.0,0.0,0.0,6.000000000000001e-08,0.51,6.000000000000001e-08,0.51,6.000000000000001e-08,0.0,2026,7,2026-03-13,2026-07-13,2026-07-13,TA608,1,2,7500.0,1
CZCE,TA608P7600,TA608P7600,2,TAP,5,0.5,0.0,0.0,0.0,0.0,6.000000000000001e-08,0.51,6.000000000000001e-08,0.51,6.000000000000001e-08,0.0,2026,7,2026-03-13,2026-07-13,2026-07-13,TA608,1,2,7600.0,1
CZCE,TA608P7700,TA608P7700,2,TAP,5,0.5,0.0,0.0,0.0,0.0,6.000000000000001e-08,0.51,6.000000000000001e-08,0.51,6.000000000000001e-08,0.0,2026,7,2026-03-13,2026-07-13,2026-07-13,TA608,1,2,7700.0,1
CZCE,TA608P7800,TA608P7800,2,TAP,5,0.5,0.0,0.0,0.0,0.0,6.000000000000001e-08,0.51,6.000000000000001e-08,0.51,6.000000000000001e-08,0.0,2026,7,2026-03-13,2026-07-13,2026-07-13,TA608,1,2,7800.0,1
CZCE,TA608P7900,TA608P7900,2,TAP,5,0.5,0.0,0.0,0.0,0.0,6.000000000000001e-08,0.51,6.000000000000001e-08,0.51,6.000000000000001e-08,0.0,2026,7,2026-03-16,2026-07-13,2026-07-13,TA608,1,2,7900.0,1
CZCE,TA608P8000,TA608P8000,2,TAP,5,0.5,0.0,0.0,0.0,0.0,6.000000000000001e-08,0.51,6.000000000000001e-08,0.51,6.000000000000001e-08,0.0,2026,7,2026-03-17,2026-07-13,2026-07-13,TA608,1,2,8000.0,1
CZCE,TA609C4200,TA609C4200,2,TAC,5,0.5,0.0,0.0,0.0,0.0,6.000000000000001e-08,0.51,6.000000000000001e-08,0.51,6.000000000000001e-08,0.0,2026,8,2025-11-28,2026-08-12,2026-08-12,TA609,1,1,4200.0,1
CZCE,TA609C4250,TA609C4250,2,TAC,5,0.5,0.0,0.0,0.0,0.0,6.000000000000001e-08,0.51,6.000000000000001e-08,0.51,6.000000000000001e-08,0.0,2026,8,2025-11-13,2026-08-12,2026-08-12,TA609,1,1,4250.0,1
CZCE,TA609C4300,TA609C4300,2,TAC,5,0.5,0.0,0.0,0.0,0.0,6.000000000000001e-08,0.51,6.000000000000001e-08,0.51,6.000000000000001e-08,0.0,2026,8,2025-11-12,2026-08-12,2026-08-12,TA609,1,1,4300.0,1
CZCE,TA609C4350,TA609C4350,2,TAC,5,0.5,0.0,0.0,0.0,0.0,6.000000000000001e-08,0.51,6.000000000000001e-08,0.51,6.000000000000001e-08,0.0,2026,8,2025-11-12,2026-08-12,2026-08-12,TA609,1,1,4350.0,1
CZCE,TA609C4400,TA609C4400,2,TAC,5,0.5,0.0,0.0,0.0,0.0,6.000000000000001e-08,0.51,6.000000000000001e-08,0.51,6.000000000000001e-08,0.0,2026,8,2025-11-12,2026-08-12,2026-08-12,TA609,1,1,4400.0,1
CZCE,TA609C4450,TA609C4450,2,TAC,5,0.5,0.0,0.0,0.0,0.0,6.000000000000001e-08,0.51,6.000000000000001e-08,0.51,6.000000000000001e-08,0.0,2026,8,2025-11-12,2026-08-12,2026-08-12,TA609,1,1,4450.0,1
CZCE,TA609C4500,TA609C4500,2,TAC,5,0.5,0.0,0.0,0.0,0.0,6.000000000000001e-08,0.51,6.000000000000001e-08,0.51,6.000000000000001e-08,0.0,2026,8,2025-11-12,2026-08-12,2026-08-12,TA609,1,1,4500.0,1
CZCE,TA609C4550,TA609C4550,2,TAC,5,0.5,0.0,0.0,0.0,0.0,6.000000000000001e-08,0.51,6.000000000000001e-08,0.51,6.000000000000001e-08,0.0,2026,8,2025-11-12,2026-08-12,2026-08-12,TA609,1,1,4550.0,1
CZCE,TA609C4600,TA609C4600,2,TAC,5,0.5,0.0,0.0,0.0,0.0,6.000000000000001e-08,0.51,6.000000000000001e-08,0.51,6.000000000000001e-08,0.0,2026,8,2025-11-12,2026-08-12,2026-08-12,TA609,1,1,4600.0,1
CZCE,TA609C4650,TA609C4650,2,TAC,5,0.5,0.0,0.0,0.0,0.0,6.000000000000001e-08,0.51,6.000000000000001e-08,0.51,6.000000000000001e-08,0.0,2026,8,2025-11-12,2026-08-12,2026-08-12,TA609,1,1,4650.0,1
CZCE,TA609C4700,TA609C4700,2,TAC,5,0.5,0.0,0.0,0.0,0.0,6.000000000000001e-08,0.51,6.000000000000001e-08,0.51,6.000000000000001e-08,0.0,2026,8,2025-11-12,2026-08-12,2026-08-12,TA609,1,1,4700.0,1
CZCE,TA609C4750,TA609C4750,2,TAC,5,0.5,0.0,0.0,0.0,0.0,6.000000000000001e-08,0.51,6.000000000000001e-08,0.51,6.000000000000001e-08,0.0,2026,8,2025-11-12,2026-08-12,2026-08-12,TA609,1,1,4750.0,1
CZCE,TA609C4800,TA609C4800,2,TAC,5,0.5,0.0,0.0,0.0,0.0,6.000000000000001e-08,0.51,6.000000000000001e-08,0.51,6.000000000000001e-08,0.0,2026,8,2025-11-12,2026-08-12,2026-08-12,TA609,1,1,4800.0,1
CZCE,TA609C4850,TA609C4850,2,TAC,5,0.5,0.0,0.0,0.0,0.0,6.000000000000001e-08,0.51,6.000000000000001e-08,0.51,6.000000000000001e-08,0.0,2026,8,2025-11-12,2026-08-12,2026-08-12,TA609,1,1,4850.0,1
CZCE,TA609C4900,TA609C4900,2,TAC,5,0.5,0.0,0.0,0.0,0.0,6.000000000000001e-08,0.51,6.000000000000001e-08,0.51,6.000000000000001e-08,0.0,2026,8,2025-11-12,2026-08-12,2026-08-12,TA609,1,1,4900.0,1
CZCE,TA609C4950,TA609C4950,2,TAC,5,0.5,0.0,0.0,0.0,0.0,6.000000000000001e-08,0.51,6.000000000000001e-08,0.51,6.000000000000001e-08,0.0,2026,8,2025-11-12,2026-08-12,2026-08-12,TA609,1,1,4950.0,1
CZCE,TA609C5000,TA609C5000,2,TAC,5,0.5,0.0,0.0,0.0,0.0,6.000000000000001e-08,0.51,6.000000000000001e-08,0.51,6.000000000000001e-08,0.0,2026,8,2025-11-12,2026-08-12,2026-08-12,TA609,1,1,5000.0,1
CZCE,TA609C5100,TA609C5100,2,TAC,5,0.5,0.0,0.0,0.0,0.0,6.000000000000001e-08,0.51,6.000000000000001e-08,0.51,6.000000000000001e-08,0.0,2026,8,2025-11-12,2026-08-12,2026-08-12,TA609,1,1,5100.0,1
CZCE,TA609C5200,TA609C5200,2,TAC,5,0.5,0.0,0.0,0.0,0.0,6.000000000000001e-08,0.51,6.000000000000001e-08,0.51,6.000000000000001e-08,0.0,2026,8,2025-11-12,2026-08-12,2026-08-12,TA609,1,1,5200.0,1
CZCE,TA609C5300,TA609C5300,2,TAC,5,0.5,0.0,0.0,0.0,0.0,6.000000000000001e-08,0.51,6.000000000000001e-08,0.51,6.000000000000001e-08,0.0,2026,8,2025-12-23,2026-08-12,2026-08-12,TA609,1,1,5300.0,1
CZCE,TA609C5400,TA609C5400,2,TAC,5,0.5,0.0,0.0,0.0,0.0,6.000000000000001e-08,0.51,6.000000000000001e-08,0.51,6.000000000000001e-08,0.0,2026,8,2025-12-23,2026-08-12,2026-08-12,TA609,1,1,5400.0,1
CZCE,TA609C5500,TA609C5500,2,TAC,5,0.5,0.0,0.0,0.0,0.0,6.000000000000001e-08,0.51,6.000000000000001e-08,0.51,6.000000000000001e-08,0.0,2026,8,2025-12-24,2026-08-12,2026-08-12,TA609,1,1,5500.0,1
CZCE,TA609C5600,TA609C5600,2,TAC,5,0.5,0.0,0.0,0.0,0.0,6.000000000000001e-08,0.51,6.000000000000001e-08,0.51,6.000000000000001e-08,0.0,2026,8,2025-12-29,2026-08-12,2026-08-12,TA609,1,1,5600.0,1
CZCE,TA609C5700,TA609C5700,2,TAC,5,0.5,0.0,0.0,0.0,0.0,6.000000000000001e-08,0.51,6.000000000000001e-08,0.51,6.000000000000001e-08,0.0,2026,8,2025-12-31,2026-08-12,2026-08-12,TA609,1,1,5700.0,1
CZCE,TA609C5800,TA609C5800,2,TAC,5,0.5,0.0,0.0,0.0,0.0,6.000000000000001e-08,0.51,6.000000000000001e-08,0.51,6.000000000000001e-08,0.0,2026,8,2026-01-26,2026-08-12,2026-08-12,TA609,1,1,5800.0,1
CZCE,TA609C5900,TA609C5900,2,TAC,5,0.5,0.0,0.0,0.0,0.0,6.000000000000001e-08,0.51,6.000000000000001e-08,0.51,6.000000000000001e-08,0.0,2026,8,2026-01-26,2026-08-12,2026-08-12,TA609,1,1,5900.0,1
CZCE,TA609C6000,TA609C6000,2,TAC,5,0.5,0.0,0.0,0.0,0.0,6.000000000000001e-08,0.51,6.000000000000001e-08,0.51,6.000000000000001e-08,0.0,2026,8,2026-02-12,2026-08-12,2026-08-12,TA609,1,1,6000.0,1
CZCE,TA609C6100,TA609C6100,2,TAC,5,0.5,0.0,0.0,0.0,0.0,6.000000000000001e-08,0.51,6.000000000000001e-08,0.51,6.000000000000001e-08,0.0,2026,8,2026-03-04,2026-08-12,2026-08-12,TA609,1,1,6100.0,1
CZCE,TA609C6200,TA609C6200,2,TAC,5,0.5,0.0,0.0,0.0,0.0,6.000000000000001e-08,0.51,6.000000000000001e-08,0.51,6.000000000000001e-08,0.0,2026,8,2026-03-06,2026-08-12,2026-08-12,TA609,1,1,6200.0,1
CZCE,TA609C6300,TA609C6300,2,TAC,5,0.5,0.0,0.0,0.0,0.0,6.000000000000001e-08,0.51,6.000000000000001e-08,0.51,6.000000000000001e-08,0.0,2026,8,2026-03-09,2026-08-12,2026-08-12,TA609,1,1,6300.0,1
CZCE,TA609C6400,TA609C6400,2,TAC,5,0.5,0.0,0.0,0.0,0.0,6.000000000000001e-08,0.51,6.000000000000001e-08,0.51,6.000000000000001e-08,0.0,2026,8,2026-03-10,2026-08-12,2026-08-12,TA609,1,1,6400.0,1
CZCE,TA609C6500,TA609C6500,2,TAC,5,0.5,0.0,0.0,0.0,0.0,6.000000000000001e-08,0.51,6.000000000000001e-08,0.51,6.000000000000001e-08,0.0,2026,8,2026-03-10,2026-08-12,2026-08-12,TA609,1,1,6500.0,1
CZCE,TA609C6600,TA609C6600,2,TAC,5,0.5,0.0,0.0,0.0,0.0,6.000000000000001e-08,0.51,6.000000000000001e-08,0.51,6.000000000000001e-08,0.0,2026,8,2026-03-10,2026-08-12,2026-08-12,TA609,1,1,6600.0,1
CZCE,TA609C6700,TA609C6700,2,TAC,5,0.5,0.0,0.0,0.0,0.0,6.000000000000001e-08,0.51,6.000000000000001e-08,0.51,6.000000000000001e-08,0.0,2026,8,2026-03-10,2026-08-12,2026-08-12,TA609,1,1,6700.0,1
CZCE,TA609C6800,TA609C6800,2,TAC,5,0.5,0.0,0.0,0.0,0.0,6.000000000000001e-08,0.51,6.000000000000001e-08,0.51,6.000000000000001e-08,0.0,2026,8,2026-03-10,2026-08-12,2026-08-12,TA609,1,1,6800.0,1
CZCE,TA609C6900,TA609C6900,2,TAC,5,0.5,0.0,0.0,0.0,0.0,6.000000000000001e-08,0.51,6.000000000000001e-08,0.51,6.000000000000001e-08,0.0,2026,8,2026-03-10,2026-08-12,2026-08-12,TA609,1,1,6900.0,1
CZCE,TA609C7000,TA609C7000,2,TAC,5,0.5,0.0,0.0,0.0,0.0,6.000000000000001e-08,0.51,6.000000000000001e-08,0.51,6.000000000000001e-08,0.0,2026,8,2026-03-12,2026-08-12,2026-08-12,TA609,1,1,7000.0,1
CZCE,TA609C7100,TA609C7100,2,TAC,5,0.5,0.0,0.0,0.0,0.0,6.000000000000001e-08,0.51,6.000000000000001e-08,0.51,6.000000000000001e-08,0.0,2026,8,2026-03-12,2026-08-12,2026-08-12,TA609,1,1,7100.0,1
CZCE,TA609C7200,TA609C7200,2,TAC,5,0.5,0.0,0.0,0.0,0.0,6.000000000000001e-08,0.51,6.000000000000001e-08,0.51,6.000000000000001e-08,0.0,2026,8,2026-03-13,2026-08-12,2026-08-12,TA609,1,1,7200.0,1
CZCE,TA609C7300,TA609C7300,2,TAC,5,0.5,0.0,0.0,0.0,0.0,6.000000000000001e-08,0.51,6.000000000000001e-08,0.51,6.000000000000001e-08,0.0,2026,8,2026-03-13,2026-08-12,2026-08-12,TA609,1,1,7300.0,1
CZCE,TA609C7400,TA609C7400,2,TAC,5,0.5,0.0,0.0,0.0,0.0,6.000000000000001e-08,0.51,6.000000000000001e-08,0.51,6.000000000000001e-08,0.0,2026,8,2026-03-13,2026-08-12,2026-08-12,TA609,1,1,7400.0,1
CZCE,TA609C7500,TA609C7500,2,TAC,5,0.5,0.0,0.0,0.0,0.0,6.000000000000001e-08,0.51,6.000000000000001e-08,0.51,6.000000000000001e-08,0.0,2026,8,2026-03-13,2026-08-12,2026-08-12,TA609,1,1,7500.0,1
CZCE,TA609C7600,TA609C7600,2,TAC,5,0.5,0.0,0.0,0.0,0.0,6.000000000000001e-08,0.51,6.000000000000001e-08,0.51,6.000000000000001e-08,0.0,2026,8,2026-03-13,2026-08-12,2026-08-12,TA609,1,1,7600.0,1
CZCE,TA609C7700,TA609C7700,2,TAC,5,0.5,0.0,0.0,0.0,0.0,6.000000000000001e-08,0.51,6.000000000000001e-08,0.51,6.000000000000001e-08,0.0,2026,8,2026-03-13,2026-08-12,2026-08-12,TA609,1,1,7700.0,1
CZCE,TA609C7800,TA609C7800,2,TAC,5,0.5,0.0,0.0,0.0,0.0,6.000000000000001e-08,0.51,6.000000000000001e-08,0.51,6.000000000000001e-08,0.0,2026,8,2026-03-16,2026-08-12,2026-08-12,TA609,1,1,7800.0,1
CZCE,TA609C7900,TA609C7900,2,TAC,5,0.5,0.0,0.0,0.0,0.0,6.000000000000001e-08,0.51,6.000000000000001e-08,0.51,6.000000000000001e-08,0.0,2026,8,2026-03-17,2026-08-12,2026-08-12,TA609,1,1,7900.0,1
CZCE,TA609C8000,TA609C8000,2,TAC,5,0.5,0.0,0.0,0.0,0.0,6.000000000000001e-08,0.51,6.000000000000001e-08,0.51,6.000000000000001e-08,0.0,2026,8,2026-03-31,2026-08-12,2026-08-12,TA609,1,1,8000.0,1
CZCE,TA609P4200,TA609P4200,2,TAP,5,0.5,0.0,0.0,0.0,0.0,6.000000000000001e-08,0.51,6.000000000000001e-08,0.51,6.000000000000001e-08,0.0,2026,8,2025-11-28,2026-08-12,2026-08-12,TA609,1,2,4200.0,1
CZCE,TA609P4250,TA609P4250,2,TAP,5,0.5,0.0,0.0,0.0,0.0,6.000000000000001e-08,0.51,6.000000000000001e-08,0.51,6.000000000000001e-08,0.0,2026,8,2025-11-13,2026-08-12,2026-08-12,TA609,1,2,4250.0,1
CZCE,TA609P4300,TA609P4300,2,TAP,5,0.5,0.0,0.0,0.0,0.0,6.000000000000001e-08,0.51,6.000000000000001e-08,0.51,6.000000000000001e-08,0.0,2026,8,2025-11-12,2026-08-12,2026-08-12,TA609,1,2,4300.0,1
CZCE,TA609P4350,TA609P4350,2,TAP,5,0.5,0.0,0.0,0.0,0.0,6.000000000000001e-08,0.51,6.000000000000001e-08,0.51,6.000000000000001e-08,0.0,2026,8,2025-11-12,2026-08-12,2026-08-12,TA609,1,2,4350.0,1
CZCE,TA609P4400,TA609P4400,2,TAP,5,0.5,0.0,0.0,0.0,0.0,6.000000000000001e-08,0.51,6.000000000000001e-08,0.51,6.000000000000001e-08,0.0,2026,8,2025-11-12,2026-08-12,2026-08-12,TA609,1,2,4400.0,1
CZCE,TA609P4450,TA609P4450,2,TAP,5,0.5,0.0,0.0,0.0,0.0,6.000000000000001e-08,0.51,6.000000000000001e-08,0.51,6.000000000000001e-08,0.0,2026,8,2025-11-12,2026-08-12,2026-08-12,TA609,1,2,4450.0,1
CZCE,TA609P4500,TA609P4500,2,TAP,5,0.5,0.0,0.0,0.0,0.0,6.000000000000001e-08,0.51,6.000000000000001e-08,0.51,6.000000000000001e-08,0.0,2026,8,2025-11-12,2026-08-12,2026-08-12,TA609,1,2,4500.0,1
CZCE,TA609P4550,TA609P4550,2,TAP,5,0.5,0.0,0.0,0.0,0.0,6.000000000000001e-08,0.51,6.000000000000001e-08,0.51,6.000000000000001e-08,0.0,2026,8,2025-11-12,2026-08-12,2026-08-12,TA609,1,2,4550.0,1
CZCE,TA609P4600,TA609P4600,2,TAP,5,0.5,0.0,0.0,0.0,0.0,6.000000000000001e-08,0.51,6.000000000000001e-08,0.51,6.000000000000001e-08,0.0,2026,8,2025-11-12,2026-08-12,2026-08-12,TA609,1,2,4600.0,1
CZCE,TA609P4650,TA609P4650,2,TAP,5,0.5,0.0,0.0,0.0,0.0,6.000000000000001e-08,0.51,6.000000000000001e-08,0.51,6.000000000000001e-08,0.0,2026,8,2025-11-12,2026-08-12,2026-08-12,TA609,1,2,4650.0,1
CZCE,TA609P4700,TA609P4700,2,TAP,5,0.5,0.0,0.0,0.0,0.0,6.000000000000001e-08,0.51,6.000000000000001e-08,0.51,6.000000000000001e-08,0.0,2026,8,2025-11-12,2026-08-12,2026-08-12,TA609,1,2,4700.0,1
CZCE,TA609P4750,TA609P4750,2,TAP,5,0.5,0.0,0.0,0.0,0.0,6.000000000000001e-08,0.51,6.000000000000001e-08,0.51,6.000000000000001e-08,0.0,2026,8,2025-11-12,2026-08-12,2026-08-12,TA609,1,2,4750.0,1
CZCE,TA609P4800,TA609P4800,2,TAP,5,0.5,0.0,0.0,0.0,0.0,6.000000000000001e-08,0.51,6.000000000000001e-08,0.51,6.000000000000001e-08,0.0,2026,8,2025-11-12,2026-08-12,2026-08-12,TA609,1,2,4800.0,1
CZCE,TA609P4850,TA609P4850,2,TAP,5,0.5,0.0,0.0,0.0,0.0,6.000000000000001e-08,0.51,6.000000000000001e-08,0.51,6.000000000000001e-08,0.0,2026,8,2025-11-12,2026-08-12,2026-08-12,TA609,1,2,4850.0,1
CZCE,TA609P4900,TA609P4900,2,TAP,5,0.5,0.0,0.0,0.0,0.0,6.000000000000001e-08,0.51,6.000000000000001e-08,0.51,6.000000000000001e-08,0.0,2026,8,2025-11-12,2026-08-12,2026-08-12,TA609,1,2,4900.0,1
CZCE,TA609P4950,TA609P4950,2,TAP,5,0.5,0.0,0.0,0.0,0.0,6.000000000000001e-08,0.51,6.000000000000001e-08,0.51,6.000000000000001e-08,0.0,2026,8,2025-11-12,2026-08-12,2026-08-12,TA609,1,2,4950.0,1
CZCE,TA609P5000,TA609P5000,2,TAP,5,0.5,0.0,0.0,0.0,0.0,6.000000000000001e-08,0.51,6.000000000000001e-08,0.51,6.000000000000001e-08,0.0,2026,8,2025-11-12,2026-08-12,2026-08-12,TA609,1,2,5000.0,1
CZCE,TA609P5100,TA609P5100,2,TAP,5,0.5,0.0,0.0,0.0,0.0,6.000000000000001e-08,0.51,6.000000000000001e-08,0.51,6.000000000000001e-08,0.0,2026,8,2025-11-12,2026-08-12,2026-08-12,TA609,1,2,5100.0,1
CZCE,TA609P5200,TA609P5200,2,TAP,5,0.5,0.0,0.0,0.0,0.0,6.000000000000001e-08,0.51,6.000000000000001e-08,0.51,6.000000000000001e-08,0.0,2026,8,2025-11-12,2026-08-12,2026-08-12,TA609,1,2,5200.0,1
CZCE,TA609P5300,TA609P5300,2,TAP,5,0.5,0.0,0.0,0.0,0.0,6.000000000000001e-08,0.51,6.000000000000001e-08,0.51,6.000000000000001e-08,0.0,2026,8,2025-12-23,2026-08-12,2026-08-12,TA609,1,2,5300.0,1
CZCE,TA609P5400,TA609P5400,2,TAP,5,0.5,0.0,0.0,0.0,0.0,6.000000000000001e-08,0.51,6.000000000000001e-08,0.51,6.000000000000001e-08,0.0,2026,8,2025-12-23,2026-08-12,2026-08-12,TA609,1,2,5400.0,1
CZCE,TA609P5500,TA609P5500,2,TAP,5,0.5,0.0,0.0,0.0,0.0,6.000000000000001e-08,0.51,6.000000000000001e-08,0.51,6.000000000000001e-08,0.0,2026,8,2025-12-24,2026-08-12,2026-08-12,TA609,1,2,5500.0,1
CZCE,TA609P5600,TA609P5600,2,TAP,5,0.5,0.0,0.0,0.0,0.0,6.000000000000001e-08,0.51,6.000000000000001e-08,0.51,6.000000000000001e-08,0.0,2026,8,2025-12-29,2026-08-12,2026-08-12,TA609,1,2,5600.0,1
CZCE,TA609P5700,TA609P5700,2,TAP,5,0.5,0.0,0.0,0.0,0.0,6.000000000000001e-08,0.51,6.000000000000001e-08,0.51,6.000000000000001e-08,0.0,2026,8,2025-12-31,2026-08-12,2026-08-12,TA609,1,2,5700.0,1
CZCE,TA609P5800,TA609P5800,2,TAP,5,0.5,0.0,0.0,0.0,0.0,6.000000000000001e-08,0.51,6.000000000000001e-08,0.51,6.000000000000001e-08,0.0,2026,8,2026-01-26,2026-08-12,2026-08-12,TA609,1,2,5800.0,1
CZCE,TA609P5900,TA609P5900,2,TAP,5,0.5,0.0,0.0,0.0,0.0,6.000000000000001e-08,0.51,6.000000000000001e-08,0.51,6.000000000000001e-08,0.0,2026,8,2026-01-26,2026-08-12,2026-08-12,TA609,1,2,5900.0,1
CZCE,TA609P6000,TA609P6000,2,TAP,5,0.5,0.0,0.0,0.0,0.0,6.000000000000001e-08,0.51,6.000000000000001e-08,0.51,6.000000000000001e-08,0.0,2026,8,2026-02-12,2026-08-12,2026-08-12,TA609,1,2,6000.0,1
CZCE,TA609P6100,TA609P6100,2,TAP,5,0.5,0.0,0.0,0.0,0.0,6.000000000000001e-08,0.51,6.000000000000001e-08,0.51,6.000000000000001e-08,0.0,2026,8,2026-03-04,2026-08-12,2026-08-12,TA609,1,2,6100.0,1
CZCE,TA609P6200,TA609P6200,2,TAP,5,0.5,0.0,0.0,0.0,0.0,6.000000000000001e-08,0.51,6.000000000000001e-08,0.51,6.000000000000001e-08,0.0,2026,8,2026-03-06,2026-08-12,2026-08-12,TA609,1,2,6200.0,1
CZCE,TA609P6300,TA609P6300,2,TAP,5,0.5,0.0,0.0,0.0,0.0,6.000000000000001e-08,0.51,6.000000000000001e-08,0.51,6.000000000000001e-08,0.0,2026,8,2026-03-09,2026-08-12,2026-08-12,TA609,1,2,6300.0,1
CZCE,TA609P6400,TA609P6400,2,TAP,5,0.5,0.0,0.0,0.0,0.0,6.000000000000001e-08,0.51,6.000000000000001e-08,0.51,6.000000000000001e-08,0.0,2026,8,2026-03-10,2026-08-12,2026-08-12,TA609,1,2,6400.0,1
CZCE,TA609P6500,TA609P6500,2,TAP,5,0.5,0.0,0.0,0.0,0.0,6.000000000000001e-08,0.51,6.000000000000001e-08,0.51,6.000000000000001e-08,0.0,2026,8,2026-03-10,2026-08-12,2026-08-12,TA609,1,2,6500.0,1
CZCE,TA609P6600,TA609P6600,2,TAP,5,0.5,0.0,0.0,0.0,0.0,6.000000000000001e-08,0.51,6.000000000000001e-08,0.51,6.000000000000001e-08,0.0,2026,8,2026-03-10,2026-08-12,2026-08-12,TA609,1,2,6600.0,1
CZCE,TA609P6700,TA609P6700,2,TAP,5,0.5,0.0,0.0,0.0,0.0,6.000000000000001e-08,0.51,6.000000000000001e-08,0.51,6.000000000000001e-08,0.0,2026,8,2026-03-10,2026-08-12,2026-08-12,TA609,1,2,6700.0,1
CZCE,TA609P6800,TA609P6800,2,TAP,5,0.5,0.0,0.0,0.0,0.0,6.000000000000001e-08,0.51,6.000000000000001e-08,0.51,6.000000000000001e-08,0.0,2026,8,2026-03-10,2026-08-12,2026-08-12,TA609,1,2,6800.0,1
CZCE,TA609P6900,TA609P6900,2,TAP,5,0.5,0.0,0.0,0.0,0.0,6.000000000000001e-08,0.51,6.000000000000001e-08,0.51,6.000000000000001e-08,0.0,2026,8,2026-03-10,2026-08-12,2026-08-12,TA609,1,2,6900.0,1
CZCE,TA609P7000,TA609P7000,2,TAP,5,0.5,0.0,0.0,0.0,0.0,6.000000000000001e-08,0.51,6.000000000000001e-08,0.51,6.000000000000001e-08,0.0,2026,8,2026-03-12,2026-08-12,2026-08-12,TA609,1,2,7000.0,1
CZCE,TA609P7100,TA609P7100,2,TAP,5,0.5,0.0,0.0,0.0,0.0,6.000000000000001e-08,0.51,6.000000000000001e-08,0.51,6.000000000000001e-08,0.0,2026,8,2026-03-12,2026-08-12,2026-08-12,TA609,1,2,7100.0,1
CZCE,TA609P7200,TA609P7200,2,TAP,5,0.5,0.0,0.0,0.0,0.0,6.000000000000001e-08,0.51,6.000000000000001e-08,0.51,6.000000000000001e-08,0.0,2026,8,2026-03-13,2026-08-12,2026-08-12,TA609,1,2,7200.0,1
CZCE,TA609P7300,TA609P7300,2,TAP,5,0.5,0.0,0.0,0.0,0.0,6.000000000000001e-08,0.51,6.000000000000001e-08,0.51,6.000000000000001e-08,0.0,2026,8,2026-03-13,2026-08-12,2026-08-12,TA609,1,2,7300.0,1
CZCE,TA609P7400,TA609P7400,2,TAP,5,0.5,0.0,0.0,0.0,0.0,6.000000000000001e-08,0.51,6.000000000000001e-08,0.51,6.000000000000001e-08,0.0,2026,8,2026-03-13,2026-08-12,2026-08-12,TA609,1,2,7400.0,1
CZCE,TA609P7500,TA609P7500,2,TAP,5,0.5,0.0,0.0,0.0,0.0,6.000000000000001e-08,0.51,6.000000000000001e-08,0.51,6.000000000000001e-08,0.0,2026,8,2026-03-13,2026-08-12,2026-08-12,TA609,1,2,7500.0,1
CZCE,TA609P7600,TA609P7600,2,TAP,5,0.5,0.0,0.0,0.0,0.0,6.000000000000001e-08,0.51,6.000000000000001e-08,0.51,6.000000000000001e-08,0.0,2026,8,2026-03-13,2026-08-12,2026-08-12,TA609,1,2,7600.0,1
CZCE,TA609P7700,TA609P7700,2,TAP,5,0.5,0.0,0.0,0.0,0.0,6.000000000000001e-08,0.51,6.000000000000001e-08,0.51,6.000000000000001e-08,0.0,2026,8,2026-03-13,2026-08-12,2026-08-12,TA609,1,2,7700.0,1
CZCE,TA609P7800,TA609P7800,2,TAP,5,0.5,0.0,0.0,0.0,0.0,6.000000000000001e-08,0.51,6.000000000000001e-08,0.51,6.000000000000001e-08,0.0,2026,8,2026-03-16,2026-08-12,2026-08-12,TA609,1,2,7800.0,1
CZCE,TA609P7900,TA609P7900,2,TAP,5,0.5,0.0,0.0,0.0,0.0,6.000000000000001e-08,0.51,6.000000000000001e-08,0.51,6.000000000000001e-08,0.0,2026,8,2026-03-17,2026-08-12,2026-08-12,TA609,1,2,7900.0,1
CZCE,TA609P8000,TA609P8000,2,TAP,5,0.5,0.0,0.0,0.0,0.0,6.000000000000001e-08,0.51,6.000000000000001e-08,0.51,6.000000000000001e-08,0.0,2026,8,2026-03-31,2026-08-12,2026-08-12,TA609,1,2,8000.0,1
CZCE,TA701C5000,TA701C5000,2,TAC,5,0.5,0.0,0.0,0.0,0.0,6.000000000000001e-08,0.51,6.000000000000001e-08,0.51,6.000000000000001e-08,0.0,2026,12,2026-03-09,2026-12-11,2026-12-11,TA701,1,1,5000.0,1
CZCE,TA701C5100,TA701C5100,2,TAC,5,0.5,0.0,0.0,0.0,0.0,6.000000000000001e-08,0.51,6.000000000000001e-08,0.51,6.000000000000001e-08,0.0,2026,12,2026-03-09,2026-12-11,2026-12-11,TA701,1,1,5100.0,1
CZCE,TA701C5200,TA701C5200,2,TAC,5,0.5,0.0,0.0,0.0,0.0,6.000000000000001e-08,0.51,6.000000000000001e-08,0.51,6.000000000000001e-08,0.0,2026,12,2026-03-09,2026-12-11,2026-12-11,TA701,1,1,5200.0,1
CZCE,TA701C5300,TA701C5300,2,TAC,5,0.5,0.0,0.0,0.0,0.0,6.000000000000001e-08,0.51,6.000000000000001e-08,0.51,6.000000000000001e-08,0.0,2026,12,2026-03-09,2026-12-11,2026-12-11,TA701,1,1,5300.0,1
CZCE,TA701C5400,TA701C5400,2,TAC,5,0.5,0.0,0.0,0.0,0.0,6.000000000000001e-08,0.51,6.000000000000001e-08,0.51,6.000000000000001e-08,0.0,2026,12,2026-03-09,2026-12-11,2026-12-11,TA701,1,1,5400.0,1
CZCE,TA701C5500,TA701C5500,2,TAC,5,0.5,0.0,0.0,0.0,0.0,6.000000000000001e-08,0.51,6.000000000000001e-08,0.51,6.000000000000001e-08,0.0,2026,12,2026-03-09,2026-12-11,2026-12-11,TA701,1,1,5500.0,1
CZCE,TA701C5600,TA701C5600,2,TAC,5,0.5,0.0,0.0,0.0,0.0,6.000000000000001e-08,0.51,6.000000000000001e-08,0.51,6.000000000000001e-08,0.0,2026,12,2026-03-09,2026-12-11,2026-12-11,TA701,1,1,5600.0,1
CZCE,TA701C5700,TA701C5700,2,TAC,5,0.5,0.0,0.0,0.0,0.0,6.000000000000001e-08,0.51,6.000000000000001e-08,0.51,6.000000000000001e-08,0.0,2026,12,2026-03-09,2026-12-11,2026-12-11,TA701,1,1,5700.0,1
CZCE,TA701C5800,TA701C5800,2,TAC,5,0.5,0.0,0.0,0.0,0.0,6.000000000000001e-08,0.51,6.000000000000001e-08,0.51,6.000000000000001e-08,0.0,2026,12,2026-03-09,2026-12-11,2026-12-11,TA701,1,1,5800.0,1
CZCE,TA701C5900,TA701C5900,2,TAC,5,0.5,0.0,0.0,0.0,0.0,6.000000000000001e-08,0.51,6.000000000000001e-08,0.51,6.000000000000001e-08,0.0,2026,12,2026-03-09,2026-12-11,2026-12-11,TA701,1,1,5900.0,1
CZCE,TA701C6000,TA701C6000,2,TAC,5,0.5,0.0,0.0,0.0,0.0,6.000000000000001e-08,0.51,6.000000000000001e-08,0.51,6.000000000000001e-08,0.0,2026,12,2026-03-09,2026-12-11,2026-12-11,TA701,1,1,6000.0,1
CZCE,TA701C6100,TA701C6100,2,TAC,5,0.5,0.0,0.0,0.0,0.0,6.000000000000001e-08,0.51,6.000000000000001e-08,0.51,6.000000000000001e-08,0.0,2026,12,2026-03-09,2026-12-11,2026-12-11,TA701,1,1,6100.0,1
CZCE,TA701C6200,TA701C6200,2,TAC,5,0.5,0.0,0.0,0.0,0.0,6.000000000000001e-08,0.51,6.000000000000001e-08,0.51,6.000000000000001e-08,0.0,2026,12,2026-03-10,2026-12-11,2026-12-11,TA701,1,1,6200.0,1
CZCE,TA701C6300,TA701C6300,2,TAC,5,0.5,0.0,0.0,0.0,0.0,6.000000000000001e-08,0.51,6.000000000000001e-08,0.51,6.000000000000001e-08,0.0,2026,12,2026-03-10,2026-12-11,2026-12-11,TA701,1,1,6300.0,1
CZCE,TA701C6400,TA701C6400,2,TAC,5,0.5,0.0,0.0,0.0,0.0,6.000000000000001e-08,0.51,6.000000000000001e-08,0.51,6.000000000000001e-08,0.0,2026,12,2026-03-10,2026-12-11,2026-12-11,TA701,1,1,6400.0,1
CZCE,TA701C6500,TA701C6500,2,TAC,5,0.5,0.0,0.0,0.0,0.0,6.000000000000001e-08,0.51,6.000000000000001e-08,0.51,6.000000000000001e-08,0.0,2026,12,2026-03-10,2026-12-11,2026-12-11,TA701,1,1,6500.0,1
CZCE,TA701C6600,TA701C6600,2,TAC,5,0.5,0.0,0.0,0.0,0.0,6.000000000000001e-08,0.51,6.000000000000001e-08,0.51,6.000000000000001e-08,0.0,2026,12,2026-03-10,2026-12-11,2026-12-11,TA701,1,1,6600.0,1
CZCE,TA701C6700,TA701C6700,2,TAC,5,0.5,0.0,0.0,0.0,0.0,6.000000000000001e-08,0.51,6.000000000000001e-08,0.51,6.000000000000001e-08,0.0,2026,12,2026-03-10,2026-12-11,2026-12-11,TA701,1,1,6700.0,1
CZCE,TA701C6800,TA701C6800,2,TAC,5,0.5,0.0,0.0,0.0,0.0,6.000000000000001e-08,0.51,6.000000000000001e-08,0.51,6.000000000000001e-08,0.0,2026,12,2026-03-13,2026-12-11,2026-12-11,TA701,1,1,6800.0,1
CZCE,TA701C6900,TA701C6900,2,TAC,5,0.5,0.0,0.0,0.0,0.0,6.000000000000001e-08,0.51,6.000000000000001e-08,0.51,6.000000000000001e-08,0.0,2026,12,2026-03-13,2026-12-11,2026-12-11,TA701,1,1,6900.0,1
CZCE,TA701C7000,TA701C7000,2,TAC,5,0.5,0.0,0.0,0.0,0.0,6.000000000000001e-08,0.51,6.000000000000001e-08,0.51,6.000000000000001e-08,0.0,2026,12,2026-03-13,2026-12-11,2026-12-11,TA701,1,1,7000.0,1
CZCE,TA701C7100,TA701C7100,2,TAC,5,0.5,0.0,0.0,0.0,0.0,6.000000000000001e-08,0.51,6.000000000000001e-08,0.51,6.000000000000001e-08,0.0,2026,12,2026-03-13,2026-12-11,2026-12-11,TA701,1,1,7100.0,1
CZCE,TA701P5000,TA701P5000,2,TAP,5,0.5,0.0,0.0,0.0,0.0,6.000000000000001e-08,0.51,6.000000000000001e-08,0.51,6.000000000000001e-08,0.0,2026,12,2026-03-09,2026-12-11,2026-12-11,TA701,1,2,5000.0,1
CZCE,TA701P5100,TA701P5100,2,TAP,5,0.5,0.0,0.0,0.0,0.0,6.000000000000001e-08,0.51,6.000000000000001e-08,0.51,6.000000000000001e-08,0.0,2026,12,2026-03-09,2026-12-11,2026-12-11,TA701,1,2,5100.0,1
CZCE,TA701P5200,TA701P5200,2,TAP,5,0.5,0.0,0.0,0.0,0.0,6.000000000000001e-08,0.51,6.000000000000001e-08,0.51,6.000000000000001e-08,0.0,2026,12,2026-03-09,2026-12-11,2026-12-11,TA701,1,2,5200.0,1
CZCE,TA701P5300,TA701P5300,2,TAP,5,0.5,0.0,0.0,0.0,0.0,6.000000000000001e-08,0.51,6.000000000000001e-08,0.51,6.000000000000001e-08,0.0,2026,12,2026-03-09,2026-12-11,2026-12-11,TA701,1,2,5300.0,1
CZCE,TA701P5400,TA701P5400,2,TAP,5,0.5,0.0,0.0,0.0,0.0,6.000000000000001e-08,0.51,6.000000000000001e-08,0.51,6.000000000000001e-08,0.0,2026,12,2026-03-09,2026-12-11,2026-12-11,TA701,1,2,5400.0,1
CZCE,TA701P5500,TA701P5500,2,TAP,5,0.5,0.0,0.0,0.0,0.0,6.000000000000001e-08,0.51,6.000000000000001e-08,0.51,6.000000000000001e-08,0.0,2026,12,2026-03-09,2026-12-11,2026-12-11,TA701,1,2,5500.0,1
CZCE,TA701P5600,TA701P5600,2,TAP,5,0.5,0.0,0.0,0.0,0.0,6.000000000000001e-08,0.51,6.000000000000001e-08,0.51,6.000000000000001e-08,0.0,2026,12,2026-03-09,2026-12-11,2026-12-11,TA701,1,2,5600.0,1
CZCE,TA701P5700,TA701P5700,2,TAP,5,0.5,0.0,0.0,0.0,0.0,6.000000000000001e-08,0.51,6.000000000000001e-08,0.51,6.000000000000001e-08,0.0,2026,12,2026-03-09,2026-12-11,2026-12-11,TA701,1,2,5700.0,1
CZCE,TA701P5800,TA701P5800,2,TAP,5,0.5,0.0,0.0,0.0,0.0,6.000000000000001e-08,0.51,6.000000000000001e-08,0.51,6.000000000000001e-08,0.0,2026,12,2026-03-09,2026-12-11,2026-12-11,TA701,1,2,5800.0,1
CZCE,TA701P5900,TA701P5900,2,TAP,5,0.5,0.0,0.0,0.0,0.0,6.000000000000001e-08,0.51,6.000000000000001e-08,0.51,6.000000000000001e-08,0.0,2026,12,2026-03-09,2026-12-11,2026-12-11,TA701,1,2,5900.0,1
CZCE,TA701P6000,TA701P6000,2,TAP,5,0.5,0.0,0.0,0.0,0.0,6.000000000000001e-08,0.51,6.000000000000001e-08,0.51,6.000000000000001e-08,0.0,2026,12,2026-03-09,2026-12-11,2026-12-11,TA701,1,2,6000.0,1
CZCE,TA701P6100,TA701P6100,2,TAP,5,0.5,0.0,0.0,0.0,0.0,6.000000000000001e-08,0.51,6.000000000000001e-08,0.51,6.000000000000001e-08,0.0,2026,12,2026-03-09,2026-12-11,2026-12-11,TA701,1,2,6100.0,1
CZCE,TA701P6200,TA701P6200,2,TAP,5,0.5,0.0,0.0,0.0,0.0,6.000000000000001e-08,0.51,6.000000000000001e-08,0.51,6.000000000000001e-08,0.0,2026,12,2026-03-10,2026-12-11,2026-12-11,TA701,1,2,6200.0,1
CZCE,TA701P6300,TA701P6300,2,TAP,5,0.5,0.0,0.0,0.0,0.0,6.000000000000001e-08,0.51,6.000000000000001e-08,0.51,6.000000000000001e-08,0.0,2026,12,2026-03-10,2026-12-11,2026-12-11,TA701,1,2,6300.0,1
CZCE,TA701P6400,TA701P6400,2,TAP,5,0.5,0.0,0.0,0.0,0.0,6.000000000000001e-08,0.51,6.000000000000001e-08,0.51,6.000000000000001e-08,0.0,2026,12,2026-03-10,2026-12-11,2026-12-11,TA701,1,2,6400.0,1
CZCE,TA701P6500,TA701P6500,2,TAP,5,0.5,0.0,0.0,0.0,0.0,6.000000000000001e-08,0.51,6.000000000000001e-08,0.51,6.000000000000001e-08,0.0,2026,12,2026-03-10,2026-12-11,2026-12-11,TA701,1,2,6500.0,1
CZCE,TA701P6600,TA701P6600,2,TAP,5,0.5,0.0,0.0,0.0,0.0,6.000000000000001e-08,0.51,6.000000000000001e-08,0.51,6.000000000000001e-08,0.0,2026,12,2026-03-10,2026-12-11,2026-12-11,TA701,1,2,6600.0,1
CZCE,TA701P6700,TA701P6700,2,TAP,5,0.5,0.0,0.0,0.0,0.0,6.000000000000001e-08,0.51,6.000000000000001e-08,0.51,6.000000000000001e-08,0.0,2026,12,2026-03-10,2026-12-11,2026-12-11,TA701,1,2,6700.0,1
CZCE,TA701P6800,TA701P6800,2,TAP,5,0.5,0.0,0.0,0.0,0.0,6.000000000000001e-08,0.51,6.000000000000001e-08,0.51,6.000000000000001e-08,0.0,2026,12,2026-03-13,2026-12-11,2026-12-11,TA701,1,2,6800.0,1
CZCE,TA701P6900,TA701P6900,2,TAP,5,0.5,0.0,0.0,0.0,0.0,6.000000000000001e-08,0.51,6.000000000000001e-08,0.51,6.000000000000001e-08,0.0,2026,12,2026-03-13,2026-12-11,2026-12-11,TA701,1,2,6900.0,1
CZCE,TA701P7000,TA701P7000,2,TAP,5,0.5,0.0,0.0,0.0,0.0,6.000000000000001e-08,0.51,6.000000000000001e-08,0.51,6.000000000000001e-08,0.0,2026,12,2026-03-13,2026-12-11,2026-12-11,TA701,1,2,7000.0,1
CZCE,TA701P7100,TA701P7100,2,TAP,5,0.5,0.0,0.0,0.0,0.0,6.000000000000001e-08,0.51,6.000000000000001e-08,0.51,6.000000000000001e-08,0.0,2026,12,2026-03-13,2026-12-11,2026-12-11,TA701,1,2,7100.0,1
